0.0,0.0,0.0,0.0,
0.00015011820722826577,-0.0003004296997018898,0.03752955180706644,-0.07510742492547245,
0.0004541428670129107,-0.0009089012820303347,0.07600616494616122,-0.15211789558211122,
0.000915870058357074,-0.0018330484263269255,0.11543179783604084,-0.23103678607414768,
0.0015391024147494545,-0.0030805238750544446,0.15580808909809513,-0.31186886218187987,
0.0023276472742516773,-0.004658995858247018,0.19713621487555572,-0.3946179957981432,
0.0032853141840614207,-0.006576143225993638,0.23941672745243583,-0.47928684193665516,
0.004415911683015703,-0.008839649135778565,0.28264937473857055,-0.5658764774462316,
0.005723243283276055,-0.011457193137063173,0.32683290006508803,-0.6543860003211518,
0.007211102569925396,-0.014436441490478217,0.37196482166233547,-0.7448120883537611,
0.00888326733465345,-0.017785035553899688,0.4180411911820133,-0.8371485158553682,
0.010743492657415704,-0.021510578063110394,0.46505633069056346,-0.9313856273026763,
0.012795502848280954,-0.0256206171314248,0.5130025477163126,-1.0275097670786009,
0.015042982161056678,-0.030122627791421885,0.5618698281939308,-1.1255026649992712,
0.017489564191185553,-0.0350239909037614,0.6116455075322181,-1.2253407780848784,
0.020138819873388013,-0.040331969264049035,0.6623139205506154,-1.32699459007191,
0.022994244000188565,-0.046053680750073815,0.7138560317001382,-1.4304278715061953,
0.02605924019145774,-0.05219606836976724,0.7662490478172934,-1.5355969049233578,
0.029337104258104874,-0.05876586709628483,0.8194660166617831,-1.642449681629395,
0.03283100592074968,-0.06576956741204772,0.8734754156612016,-1.750925078940721,
0.03654396886722975,-0.07321337552970028,0.9282407366200172,-1.8609520294131416,
0.04047884916173333,-0.08110317031587182,0.9837200736258955,-1.9724486965428827,
0.04463831205361118,-0.08944445701423599,1.0398657229694606,-2.0853216745910443,
0.04902480727573928,-0.09824231794808375,1.096623805532027,-2.199465233461939,
0.05364054297061211,-0.10750136047933427,1.1539339237182078,-2.314760632812631,
0.058487458436710195,-0.11722566260973966,1.211728866524521,-2.4310755326013456,
0.06356719594722014,-0.12741871672921448,1.2699343776274876,-2.5482635298687084,
0.06888107195647354,-0.13808337214291075,1.3284690023133496,-2.666163853424065,
0.07443004807451371,-0.14922177713885657,1.3872440295100434,-2.784601248986456,
0.08021470225438769,-0.16083532148646468,1.4461635449684953,-2.9033860869020294,
0.08623520069689973,-0.17292458037659794,1.5051246106280094,-3.022314722533315,
0.09249127102995378,-0.18548926091875273,1.5640175832635097,-3.1411701355386983,
0.09898217736020687,-0.19852815239218335,1.6227265825632737,-3.259722868357656,
0.10570669781938255,-0.21203908149709358,1.6811301147939197,-3.3777322762275572,
0.1126631052322647,-0.22601887386138395,1.7391018532205347,-3.4949480910725885,
0.11984915151466419,-0.24046332302097045,1.7965115705998727,-3.611112289896626,
0.12726205636501958,-0.25536716800237286,1.8532262125888457,-3.7259612453506046,
0.13489850074158707,-0.270724080492761,1.9091110941418736,-3.839228122597027,
0.1427546255188939,-0.28652666238594365,1.9640311943267037,-3.9506454732956735,
0.1508260355946704,-0.302766454247687,2.0178525189441276,-4.05994796543583,
0.1591078095762192,-0.3194339549590129,2.070443495387201,-4.166875177831474,
0.1675945150193578,-0.33651865248423823,2.121676360784651,-4.27117438130633,
0.1762802290314535,-0.35400906538700533,2.171428503023922,-4.372603225691773,
0.18515856389142238,-0.3718927943999789,2.219583714992221,-4.470932253243388,
0.1942226971929712,-0.3901565830604125,2.2660333253872045,-4.565947165108397,
0.20346540589143838,-0.4087863861716698,2.310677174616799,-4.657450777814315,
0.21287910353671252,-0.42776744465477406,2.353424411318534,-4.745264620776065,
0.22245587991031263,-0.4470843652250472,2.3941940934000234,-4.829230142568279,
0.23218754225680976,-0.4667212032728962,2.432915586624282,-4.909209511962246,
0.242065657308658,-0.4866615473454293,2.4695287629620584,-4.985086018133287,
0.25208159334681224,-0.5068886037120864,2.5039840095385526,-5.056764091664289,
0.26222656161247904,-0.5273852796433257,2.5362420664167,-5.12416898280981,
0.2724916564813474,-0.5481342642233622,2.5662737172170904,-5.187246145009111,
0.2828678939228648,-0.5691181057403738,2.594059360379354,-5.245960379252913,
0.2933462478853216,-0.5903192849339852,2.6195884906141935,-5.300294798402865,
0.3039176843647462,-0.6117202836143403,2.642859119856156,-5.3502496700887745,
0.31457319302491343,-0.6333036483857033,2.663877165041802,-5.395841192840747,
0.32530381633156896,-0.6550520493991732,2.6826558266638756,-5.437100253367464,
0.33610067624244383,-0.6769483342160799,2.699214977718721,-5.474071204226699,
0.346954998553736,-0.698975576981893,2.7135805778230444,-5.50681069145328,
0.35785813504314934,-0.7211171231893553,2.7257841223533252,-5.535386551865565,
0.36880158357043824,-0.7433566303513365,2.7358621318222256,-5.559876790495296,
0.37977700630095906,-0.7656781049130784,2.7438556826302007,-5.5803686404354735,
0.3907762462089614,-0.7880659357160521,2.7498099770005853,-5.596957700743414,
0.4017913419986084,-0.8105049242882496,2.753773947411742,-5.60974714304939,
0.4128145415553668,-0.8329803121851428,2.7557998891895963,-5.618846974223298,
0.4238383140116293,-0.8554778055480936,2.755943114065624,-5.624373340737693,
0.4348553604810233,-0.8779835969883079,2.754261617348493,-5.626447860053565,
0.44585862348819305,-0.9004843848492122,2.7508157517924405,-5.625196965226086,
0.4568412950968267,-0.9229673898522259,2.7456679021584054,-5.620751250753439,
0.467796823719809,-0.9454203690932419,2.7388821557455785,-5.6132448102539865,
0.47871891958267504,-0.9678316273318242,2.730523965716504,-5.602814559645562,
0.48960155880565837,-0.9901900255034681,2.720659805745829,-5.589599542910985,
0.5004389860708012,-1.0124849863876877,2.709356816285714,-5.573740221054907,
0.5112257158485981,-1.0347064973807598,2.69668244444924,-5.5553777482680164,
0.5219565321728117,-1.0568451103503143,2.682704081053385,-5.5346532423886154,
0.5326264869713162,-1.078891938587397,2.66748869962614,-5.511707059270688,
0.5432308969836177,-1.1008386509171837,2.6511025030753865,-5.48667808244667,
0.553765339320322,-1.1226774630787204,2.63361058417607,-5.459703040384151,
0.5642256457444513,-1.144401126533239,2.6150766060323214,-5.430915863629652,
0.5746078957773769,-1.166002914906229,2.595562508231398,-5.40044709324751,
0.5849084087517287,-1.1874766083075108,2.5751282435879324,-5.36842335032045,
0.5951237349488224,-1.2088164758037816,2.553831549273433,-5.334966874067731,
0.6052506459682259,-1.2300172563381173,2.5317277548508663,-5.300195133583928,
0.6152861244818426,-1.2510741384002775,2.5088696284041934,-5.264220515540031,
0.6252273535245434,-1.2719827387508087,2.4853072606751856,-5.227150087632798,
0.6350717054684646,-1.292739080491967,2.4610879859803094,-5.189085435289588,
0.6448167308194179,-1.313339570760977,2.436256337738337,-5.1501225672525095,
0.6544601469623187,-1.3337809782979329,2.4108540357251966,-5.11035188423898,
0.6639998269690863,-1.354060411113598,2.38492000169191,-5.069858203916329,
0.6734337885679635,-1.3741752944532217,2.358490399719291,-5.0287208349058945,
0.6827601833584055,-1.3941233492227787,2.3315986976104868,-4.987013692389229,
0.691977286341218,-1.41390257101499,2.3042757457031446,-4.944805448052835,
0.7010834858199314,-1.4335112098449942,2.276549869678346,-4.902159707501051,
0.7100772737167997,-1.4529477506802602,2.248446974217092,-4.859135208816451,
0.7189572363354997,-1.4722108948266175,2.2199906546749744,-4.81578603658931,
0.727722045592643,-1.4912995422122992,2.1912023142858317,-4.772161846420447,
0.736370450731626,-1.5102127745946405,2.1621012847457486,-4.72830809558534,
0.7449012705250487,-1.5289498396994554,2.132704948355685,-4.684266276203739,
0.7533133859658694,-1.5475101362909345,2.1030288602051574,-4.640074147869745,
0.7616057334424914,-1.5658932001599428,2.0730868691554964,-4.595765967252072,
0.7697772983889997,-1.584098691010617,2.0428912366270757,-4.551372712668547,
0.777827109398641,-1.6021263802189065,2.01245275241032,-4.506922302072397,
0.785754232786267,-1.6199761394319587,1.9817808469065057,-4.462439803263035,
0.7935577675837201,-1.6376479299737778,1.9508836993632879,-4.417947635454799,
0.8012368409509366,-1.655141793020212,1.919768341804133,-4.373465761608529,
0.8087906039847877,-1.6724578405048436,1.8884407584627856,-4.329011871157922,
0.816218227907293,-1.6895962467166463,1.8569059806263213,-4.284601552950679,
0.8235189006147552,-1.7065572405501592,1.8251681768655303,-4.240248458378221,
0.830691823569522,-1.7233410983693271,1.7932307386916968,-4.195964454791952,
0.8377362090164271,-1.7399481374469374,1.761096361726276,-4.1517597694025845,
0.8446512775064529,-1.7563787099426806,1.7287671225064383,-4.107643123935776,
0.8514362557107589,-1.7726331973841825,1.6962445510765116,-4.063621860375436,
0.858090374508897,-1.7887120056168564,1.6635296995345406,-4.019702058168511,
0.8646128673357599,-1.8046155601900338,1.6306232067157385,-3.9758886432943483,
0.8710029687725664,-1.8203443021485144,1.5975253592016312,-3.932185489620135,
0.8772599133679514,-1.8358986842004077,1.564236148846225,-3.888595512973312,
0.8833829346759888,-1.8512791672338635,1.5307553270093481,-3.845120758363983,
0.8893712644987216,-1.86648621715701,1.4970824556831996,-3.8017624807865986,
0.8952241323214885,-1.8815203020370972,1.4632169556917178,-3.758521220021806,
0.900940764930025,-1.8963818895164868,1.4291581521341308,-3.715396869847388,
0.9065203861989631,-1.911071444484697,1.3949053172345507,-3.67238874205258,
0.911962217041959,-1.9255894269872307,1.3604577107489821,-3.629495625633408,
0.9172654755142392,-1.9399362903533455,1.325814618070037,-3.586715841528713,
0.9224293770588722,-1.9541124795262963,1.290975386158256,-3.5440472932377167,
0.9274531348885419,-1.9681184295808591,1.2559394574174214,-3.5014875136407264,
0.9323359604950211,-1.9819545644141598,1.2207064016198133,-3.459033708325185,
0.9370770642789259,-1.9956212955969603,1.185275945976211,-3.416682795700105,
0.9416756562926643,-2.0091190213736123,1.1496480034345973,-3.374431444163019,
0.9461309470897892,-2.0224481257998734,1.1138226992812204,-3.3322761065652724,
0.9504421486742207,-2.0356089780086886,1.0778003961078724,-3.2902130522037365,
0.9546084755430211,-2.048601931594889,1.0415817172001014,-3.2482383965500294,
0.9586291458165915,-2.061427324110537,1.0051675683926002,-3.206348128912071,
0.9625033824503125,-2.0740854766633667,0.9685591584302554,-3.1645381382073423,
0.9662304145217778,-2.086576693611417,0.9317580178663336,-3.1228042370125793,
0.96980947858787,-2.0989012623475802,0.894766016523058,-3.0811421840408095,
0.9732398201060074,-2.1110594531683144,0.8575853795343511,-3.0395477051835877,
0.976520694913951,-2.123051519221291,0.8202187019858993,-2.998016513244106,
0.9796513707626061,-2.1348776965271923,0.7826689621637865,-2.956544326475321,
0.9826311288962858,-2.1465382040712986,0.7449395334199108,-2.9151268860265924,
0.985459265674926,-2.1580332439608676,0.7070341946600659,-2.87375997239226,
0.9881350942327622,-2.169363001644653,0.6689571394590654,-2.832439420946322,
0.9906579461679882,-2.1805276461912078,0.6307129838064801,-2.7911611366386735,
0.9930271732579341,-2.1915273306228893,0.5923067724864903,-2.7499211079203523,
0.9952421491943181,-2.2023621923027203,0.5537439840959811,-2.7087154199578007,
0.9973022713331431,-2.2130323533714775,0.5150305347062507,-2.667540267189251,
0.9992069624538454,-2.2235379212325577,0.4761727801755814,-2.626391965270015,
1.0009556725223347,-2.2338789890823483,0.4371775171223492,-2.585266962447619,
1.0025478804526198,-2.2440556364839574,0.39805198257127195,-2.5441618504023467,
1.0039830958617748,-2.254067929982293,0.3588038522887761,-2.5030733745838307,
1.0052608608130837,-2.263915923758572,0.31944123782722444,-2.46199844406984,
1.0063807515422911,-2.273599660322449,0.2799726823018197,-2.4209341409692677,
1.0073423801620043,-2.283119171239999,0.2404071549283121,-2.3798777293875757,
1.008145396339421,-2.292474477895877,0.20075404435413546,-2.3388266639694923,
1.0087894889427016,-2.3016655922879994,0.16102315082016183,-2.297778598030636,
1.009274387651481,-2.3106925178531466,0.12122467719485439,-2.2567313912868423,
1.0095998645271893,-2.319555250321896,0.0813692189271063,-2.21568311718733,
1.009765735539063,-2.3282537786013178,0.04146775296842536,-2.1746320698554165,
1.00977186204194,-2.3367880856838705,0.001531625719236813,-2.133576770638207,
1.0096181522021717,-2.345158149580929,-0.0384274599420887,-2.092515974264579,
1.00930456236823,-2.3533639442793644,-0.07839745848544283,-2.0514486746087894,
1.0088310983828483,-2.361405440719585,-0.1183659963453903,-2.0103741100551233,
1.0081978168338073,-2.3692826077934135,-0.1583203872602741,-1.9692917684571782,
1.007404826240749,-2.376995413360148,-0.19824764826458063,-1.9282013916836147,
1.0064522881756937,-2.38454382527911,-0.23813451626382745,-1.887102979740483,
1.0053404183152115,-2.391927812456944,-0.27796746512055154,-1.845996794458551,
1.0040694874224916,-2.3991473459078736,-0.3177327231799707,-1.8048833627324283,
1.0026398222578334,-2.4062023998250606,-0.357416291164537,-1.7637634792966945,
1.0010518064163618,-2.4130929526611515,-0.39700396036792357,-1.7226382090227212,
0.9993058810920381,-2.4198189882160253,-0.43648133108093534,-1.6815088887184815,
0.9974025457673005,-2.4263804967296747,-0.47583383118441935,-1.6403771284123394,
0.9953423588279109,-2.4327774759780776,-0.5150467348473848,-1.5992448121007299,
0.9931259381028221,-2.439009932369833,-0.5541051812721859,-1.5581140979387735,
0.9907539613290912,-2.445077882041242,-0.592994193432716,-1.5169874178523057,
0.9882271665420672,-2.4509813519474406,-0.6316986967560058,-1.475867476549591,
0.9855463523912579,-2.4567203809470857,-0.670203537702334,-1.4347572499112249,
0.9827123783824424,-2.4622950208780354,-0.7084935022038583,-1.393659982737452,
0.9797261650467354,-2.467705337621369,-0.7465533339267584,-1.352579185833407,
0.976588694037428,-2.472951412151028,-0.7843677523268362,-1.3115186324147126,
0.9733010081555344,-2.478033341566302,-0.8219214704733887,-1.2704823538184224,
0.9698642113050512,-2.4829512401043323,-0.8591992126208206,-1.2294746345075906,
0.9662794683790038,-2.4877052401297792,-0.8961857315118501,-1.1885000063617115,
0.962548005077403,-2.492295493098779,-0.9328658254002079,-1.1475632422499658,
0.9586711076582656,-2.496722170494337,-0.969224354784369,-1.1066693488895274,
0.9546501226228773,-2.5009854647303253,-1.0052462588470759,-1.0658235589971263,
0.9504864563364847,-2.505085590021319,-1.0409165715981579,-1.0250313227484884,
0.9461815745856028,-2.5090227832155874,-1.0762204377204496,-0.9842982985670852,
0.9417370020731209,-2.5127973045886702,-1.1111431281204618,-0.9436303432706701,
0.9371543218523735,-2.5164094385951152,-1.1456700551868744,-0.9030335016111988,
0.9324351747013295,-2.519859494576118,-1.1797867877609767,-0.8625139952507278,
0.927581258438034,-2.5231478074210085,-1.2134790658238952,-0.8220782112225711,
0.9225943271784103,-2.5262747381807413,-1.2467328149059118,-0.7817326899331666,
0.9174761905375166,-2.5292406746318035,-1.2795341602234216,-0.7414841127655716,
0.9122287127753198,-2.5320460317892035,-1.3118694405492102,-0.7013392893500615,
0.9068538118880327,-2.534691252367487,-1.3437252218217743,-0.6613051445708134,
0.901353458646035,-2.537176807189007,-1.3750883104994382,-0.621388705379942,
0.8957296755793747,-2.5395031955389715,-1.4059457666650932,-0.5815970874911315,
0.8899845359118247,-2.5416709454670703,-1.4362849168875038,-0.5419374820246896,
0.8841201624444434,-2.5436806140357664,-1.4660933668453453,-0.502417142174017,
0.8781387263895616,-2.5455327875156075,-1.4953590137204438,-0.4630433699602313,
0.8720424461560933,-2.547228081528156,-1.5240700583670725,-0.42382350313709183,
0.8658335860870349,-2.548767141137366,-1.552215017264611,-0.3847649023025079,
0.8595144551499896,-2.55015064089043,-1.5797827342613306,-0.3458749382659384,
0.8530874055815195,-2.551379284809282,-1.606762392117526,-0.30716097971305567,
0.8465548314860933,-2.552453806334084,-1.6331435238565501,-0.26863038120037463,
0.8399191673903632,-2.5533749682200972,-1.6589160239325351,-0.2302904715033387,
0.833182886753469,-2.5541435623894246,-1.6840701592235607,-0.19214854233187728,
0.826348500434034,-2.5547604097390963,-1.7085965798587577,-0.15421183741791444,
0.8194185551144851,-2.5552263599069764,-1.7324863298871929,-0.11648754197002442,
0.8123956316833038,-2.555542290996903,-1.755730857795349,-0.0789827724815928,
0.8052823435757896,-2.5557091092643858,-1.7783220268785245,-0.04170456687072377,
0.7980813350739117,-2.5557277487640775,-1.800252125469492,-0.004659874922950835,
0.7907952795658106,-2.5555991709600847,-1.8215138770252457,0.03214445099823304,
0.7834268777655322,-2.555324364300034,-1.8421004500696179,0.06870166501274522,
0.7759788558935884,-2.554904343753633,-1.8620054679859597,0.1050051366001582,
0.7684539638189886,-2.5543401503162912,-1.8812230186499594,0.1410483593354721,
0.7608549731634363,-2.553632850478175,-1.899747663888058,0.17682495952907373,
0.7531846753684689,-2.5527835356589197,-1.9175744487418471,0.21232870481382338,
0.7454458797264154,-2.5517933216080446,-1.93469891051336,0.24755351271876375,
0.737641411376174,-2.5506633477709895,-1.9511170875603638,0.28249345926378083,
0.7297741092649551,-2.5493947766205785,-1.9668255278047122,0.3171427876027362,
0.7218468240773126,-2.5479887929536416,-1.981821296910621,0.35149591673421515,
0.7138624161329787,-2.546446603152485,-1.9961019860834723,0.3855474502892265,
0.7058237532552444,-2.544769434410908,-2.009665719433577,0.4192921853941153,
0.6977337086118711,-2.542958533924529,-2.0225111608433175,0.45272512159477907,
0.6895951585307896,-2.541015168045268,-2.0346375202703872,0.4858414698152449,
0.6814109802931313,-2.538940621400028,-2.0460445594145766,0.5186366613099876,
0.6731840499064481,-2.536736195973807,-2.0567325966708117,0.5511063565553227,
0.6649172398612997,-2.5344032101577625,-2.0667025112870934,0.5832464540110415,
0.6566134168747289,-2.5319429977630845,-2.075955746642699,0.6150530986694767,
0.6482754396244904,-2.529356907001902,-2.0844943125595976,0.6465226902956581,
0.639906156478256,-2.526646299436904,-2.092320786558617,0.6776518912494585,
0.6315084032223698,-2.5238125489018284,-2.0994383139715507,0.7084376337689025,
0.6230850007950851,-2.520857040395495,-2.1058506068211713,0.738877126583419,
0.6146387530295526,-2.517781168952627,-2.111561941383124,0.7689678607170329,
0.606172444412165,-2.5145863384952887,-2.1165771543468943,0.798707614334551,
0.5976888378621747,-2.5112739606693726,-2.1209016374975698,0.828094456478972,
0.5891906725387911,-2.507845453671189,-2.1245413308459096,0.8571267495458372,
0.5806806616822258,-2.504302241069828,-2.127502714141321,0.885803150340221,
0.572161490495383,-2.5006457506315694,-2.1297927967106776,0.9141226095647175,
0.563635814073081,-2.4968774131532006,-2.131419105575498,0.9420843695922245,
0.5551062553858382,-2.492998661311658,-2.132389671810703,0.9696879603856245,
0.5465754033253581,-2.489010928537907,-2.1327130151200198,0.9969331934377033,
0.5380458108188946,-2.484915647923432,-2.1323981266158913,1.0238201536187705,
0.5295199930196727,-2.480714251168086,-2.1314544498054686,1.0503491888364442,
0.5210004255804778,-2.476408167578359,-2.129891859798718,1.076520897431809,
0.5124895430173987,-2.471998823125325,-2.12772064076977,1.1023361132584963,
0.503989737170526,-2.467487639571661,-2.124951461718171,1.1277958884159673,
0.4955033557681558,-2.4628760336771207,-2.121595350592539,1.1529014736351064,
0.48703270110073554,-2.4581654164917492,-2.1176636668550612,1.1776542963428716,
0.4785800288104111,-2.453357192745898,-2.1131680725811015,1.2020559364627812,
0.47014754680159626,-2.448452760345742,-2.1081205022037204,1.2261081000390328,
0.46173741427748455,-2.4434535099825276,-2.102533131027926,1.2498125908035826,
0.45335174090686964,-2.4383608248631794,-2.0964183426537257,1.2731712798370327,
0.44499258612502823,-2.433176080569159,-2.089788695460356,1.296186073505134,
0.4366619585717636,-2.4279006450496285,-2.0826568883161625,1.3188588798825585,
0.4283618156690064,-2.4225358787540134,-2.0750357256893097,1.3411915739037314,
0.4200940633396321,-2.417083134907988,-2.0669380823435723,1.3631859615063586,
0.41186055586838916,-2.411543759935763,-2.058376867810745,1.3848437430562794,
0.4036630959050431,-2.405919094030316,-2.0493649908365015,1.4061664763618658,
0.39550343460904436,-2.400210471871908,-2.0399153239996926,1.4271555396018774,
0.3873832719342203,-2.3944192234939,-2.0300406687060115,1.4478120945020234,
0.3793042570511983,-2.3885466752934916,-2.0197537207554954,1.4681370501020705,
0.37126798890448015,-2.382594151183664,-2.0090670366795407,1.4881310274569008,
0.36327601690033273,-2.376562973881219,-1.9979930010368594,1.5077943256112238,
0.35532984172093596,-2.370454466324505,-1.9865437948491895,1.5271268891785543,
0.3474309162595495,-2.3642699532131424,-1.9747313653466108,1.5461282778405903,
0.3395806466708329,-2.3580107626608893,-1.962567397179164,1.564797638063328,
0.33178039352988803,-2.351678227951684,-1.9500632852362172,1.583133677301333,
0.3240314730930965,-2.3452736893879567,-1.9372301091978825,1.6011346409318397,
0.31633515865340056,-2.338798496219452,-1.9240786099239815,1.6187982921261908,
0.30869268198233735,-2.33225400864014,-1.9106191677657973,1.6361218948280043,
0.3011052348508795,-2.325641599840276,-1.8968617828644647,1.6531021999659838,
0.2935739706209691,-2.318962658100336,-1.882816057477586,1.6697354349850668,
0.28610000589955775,-2.3122185889134026,-1.8684911803528501,1.6860172967333773,
0.27868442224698015,-2.305410817122623,-1.8538959131444037,1.7019429476949228,
0.27132826793160086,-2.298540789060583,-1.839038578844817,1.7175070155099776,
0.264032559722869,-2.2916099746778738,-1.8239270521829751,1.7327035956773742,
0.2567982847152028,-2.2846198696487283,-1.808568751916548,1.7475262572863588,
0.24962640217549456,-2.2775719974424042,-1.792970634927053,1.761968051581006,
0.24251784540746918,-2.270467911349931,-1.7771391920063477,1.7760215231182832,
0.23547352362664553,-2.2633091964569614,-1.7610804452059141,1.789678723242467,
0.22849432384022603,-2.2560974715547033,-1.7447999466048751,1.8029312255645182,
0.2215811127268677,-2.2488343909822794,-1.7283027783395815,1.815770143105966,
0.21473473851195918,-2.2415216463953054,-1.7115935537271292,1.8281861467435319,
0.20795603283472874,-2.23416096845701,-1.694676419307612,1.8401694845738783,
0.2012458126042266,-2.2267541284497776,-1.6775550576255323,1.8517100018081107,
0.19460488184194696,-2.2193029398065627,-1.6602326905699085,1.8627971608036926,
0.18803403350956507,-2.2118092595631715,-1.6427120830954758,1.873420060847837,
0.18153405132094788,-2.204274989733884,-1.6249955471542963,1.8835674573218555,
0.17510571153823454,-2.1967020786142806,-1.6070849456783345,1.8932277799009107,
0.16874978475235697,-2.1890925220163657,-1.5889816964693932,1.9023891494787097,
0.1624670376488629,-2.1814483644421565,-1.57068677587352,1.9110393935523322,
0.1562582347602917,-2.17377170020272,-1.5522007221428038,1.919166059859074,
0.15012414020661727,-2.1660646744902197,-1.5335236384186022,1.9267564281251517,
0.14406551942539014,-2.1583294844107574,-1.514655195306783,1.9337975198655821,
0.13808314089315965,-2.1505683799856956,-1.4955946330576257,1.9402761062654512,
0.13217777783951778,-2.1427836651285963,-1.476340763410467,1.9461787142748297,
0.12635020995465437,-2.1349776986039473,-1.456891971215853,1.9514916311622075,
0.1206012250906329,-2.1271528949723737,-1.437246216005371,1.9562009078934142,
0.11493162095566954,-2.1193117255250415,-1.4174010337408398,1.9602923618330368,
0.10934220679951284,-2.1114567192074367,-1.3973535390391758,1.9637515794012375,
0.1038338050865703,-2.1035904635296063,-1.3771004282356385,1.966563919457652,
0.09840725315171171,-2.0957156054563177,-1.356637983714644,1.9687145183221673,
0.09306340483170497,-2.087834852266417,-1.3359620800016845,1.9701882974752145,
0.08780313206302681,-2.0799509723660075,-1.3150681921695413,1.9709699751024212,
0.08262732643437148,-2.072066796034993,-1.2939514071638323,1.9710440827536513,
0.07753690067959755,-2.064185216081123,-1.2726064386934848,1.970394988467541,
0.07253279009416888,-2.0563091883700757,-1.2510276463571686,1.9690069277617575,
0.0676159538554372,-2.0484417321944832,-1.2292090596829208,1.9668640438981557,
0.06278737622447272,-2.040585930439313,-1.2071444077411182,1.96395043879256,
0.058048067604686365,-2.03274492949594,-1.184827154946589,1.960250235843175,
0.053399065430323876,-2.0249219388727684,-1.1622505435906219,1.9557476557929097,
0.04884143485618269,-2.017120230446712,-1.139407643535296,1.950427106514099,
0.04437626921874464,-2.0093431372974853,-1.1162914093595118,1.9442732873067274,
0.040004690238470565,-2.0015940520657494,-1.09289474506852,1.9372713079339308,
0.03572784793339546,-1.993876424777005,-1.0692105762687771,1.9294068221860485,
0.03154692021550787,-1.9861937600759014,-1.045231929471897,1.9206661752759249,
0.027463112143779524,-1.9785496138205512,-1.0209520179320857,1.9110365638375861,
0.02347765481118005,-1.9709475889935641,-0.996364333149868,1.900506206746729,
0.01959180384757041,-1.9633913308958528,-0.9714627409024096,1.8890645244278095,
0.01580683752596867,-1.95588452160071,-0.9462415804004359,1.8767023237857359,
0.012124054466217553,-1.9484308736589937,-0.9206957649377792,1.8634119854290654,
0.008544770937392202,-1.9410341230611323,-0.8948208822063374,1.849187649465365,
0.005070317768151001,-1.9336980214776303,-0.8686132923103003,1.8340253958755082,
0.0017020368823889493,-1.926426327816288,-0.8420702214405128,1.8179234153355173,
-0.0015587225142970006,-1.9192227991508106,-0.8151898491714875,1.8008821663693786,
-0.004710608063995242,-1.9120911810912378,-0.7879713874245603,1.7829045148932312,
-0.00775226866119985,-1.905035197681037,-0.7604151493011518,1.7639958525502286,
-0.010682359086100952,-1.898058540918133,-0.7325226062252752,1.7441641907259784,
-0.013499544814640083,-1.8911648600071056,-0.7042964321347828,1.7234202277568684,
-0.016202506949890224,-1.8843577504568287,-0.6757405338125353,1.7017773875691986,
-0.018789947217228955,-1.8776407431417055,-0.646860066834683,1.6792518287807947,
-0.021260592965286373,-1.871017293445228,-0.6176614370143543,1.655862424119335,
-0.023613202115748834,-1.8644907706019371,-0.5881522876156149,1.631630710822746,
-0.02584656800769156,-1.8580644473481445,-0.558341472985681,1.6065808134481867,
-0.027959524086037246,-1.8517414899833704,-0.5282390195864215,1.5807393411934956,
-0.02995094838878074,-1.8455249489337644,-0.4978560756858731,1.5541352624015239,
-0.03181976779353082,-1.839417749896345,-0.46720485118752053,1.5267997593548248,
-0.033564961990429326,-1.833422685629281,-0.43629854922462585,1.4987660667659966,
-0.0351855671553427,-1.827542408439174,-0.4051512912283431,1.4700692975267642,
-0.036680679304123186,-1.821779423401959,-0.37377803719512254,1.4407462593037406,
-0.03804945731547327,-1.8161360823400616,-0.3421945028375207,1.41083526547438,
-0.03929112561632091,-1.810614578565256,-0.3104170752119106,1.380375943701363,
-0.040404976529469123,-1.8052169423845807,-0.2784627282870544,1.349409045168824,
-0.04139037228850858,-1.7999450373558938,-0.24634893975986444,1.3179762571717448,
-0.04224674672950669,-1.794800557270365,-0.214093610249529,1.2861200213822428,
-0.042973606672779434,-1.7897850238314317,-0.1817149858181858,1.2538833597333312,
-0.043570533011114736,-1.7848997849935153,-0.1492315845838254,1.221309709479115,
-0.04403718152317837,-1.780146013919018,-0.11666212801590925,1.1884427686243468,
-0.04437328343254392,-1.7755247085087127,-0.08402547734138721,1.1553263525762876,
-0.0445786457339117,-1.771036691458452,-0.051340575341946804,1.122004262565165,
-0.04465315130868959,-1.7666826107940101,-0.018626393694472387,1.088520166110472,
-0.044596758852276416,-1.7624629408356876,0.014098114103292758,1.0549174895806346,
-0.04440950263519163,-1.758377983544876,0.046814054271196004,1.0212393227028533,
-0.04409149211970344,-1.7544278702059706,0.07950262887204834,0.9875283347263706,
-0.043642911452887914,-1.7506125633986784,0.11214516670388075,0.9538267018230242,
-0.04306401885616171,-1.7469318592177978,0.14472314918155205,0.9201760452201835,
-0.04235514593032168,-1.743385389699802,0.17721823146000726,0.8866173794989821,
-0.041516696894039556,-1.739972625417997,0.20961225907053027,0.8531910704512147,
-0.0405491477726335,-1.7366928782105275,0.24188728035151474,0.8199368018673938,
-0.039453045552800124,-1.733545304008037,0.2740255549583434,0.7868935506226397,
-0.03822900731786216,-1.730528905730305,0.3060095587344904,0.7540995694329968,
-0.03687771937698459,-1.7276425362236272,0.33782198521939205,0.721592376669465,
-0.03539993640074802,-1.7248849012130751,0.3694457440591438,0.6894087526380247,
-0.03379648057444903,-1.7222545622460392,0.4008639565747486,0.6575847417589997,
-0.032068240779527885,-1.7197499396056133,0.43205994873028475,0.6261556601065138,
-0.03021617181260508,-1.717369315174425,0.4630172417307008,0.5951561077970663,
-0.028241293650738988,-1.715110835231448,0.49371954046652305,0.5646199857442309,
-0.02614469077069491,-1.7129725131661548,0.5241507200110194,0.5345805163232595,
-0.02392751152923644,-1.7109522320960977,0.5542948103646168,0.5050702675142952,
-0.02159096761070902,-1.7090477473756358,0.5841359796318547,0.476121180115452,
-0.01913633354747682,-1.7072566889850882,0.6136585158080504,0.4477645976368917,
-0.01656494631809193,-1.7055765637910723,0.6428468073462229,0.420031298504012,
-0.013878205027412919,-1.7040047576702246,0.6716853226697523,0.3929515302118795,
-0.011077570672242031,-1.7025385374898883,0.7001585887927217,0.36655504508407155,
-0.008164565995410548,-1.7011750529406993,0.7282511692078709,0.34087113729726065,
-0.005140775430604349,-1.6999113382173463,0.7559476412015494,0.31592868083825504,
-0.0020078451395809022,-1.698744313545094,0.7832325727558618,0.2917561680630907,
0.0012325168572201494,-1.6976707865509806,0.8100904992002629,0.2683817485283367,
0.004578540456332354,-1.696687453479927,0.8365058997780511,0.24583326776337708,
0.008028393153521567,-1.695790900257329,0.8624631742973032,0.2241383056494684,
0.011580179633684247,-1.6949776034010604,0.88794662004067,0.2033242140671798,
0.015231941270139517,-1.6942439307871844,0.9129404091138174,0.18341815346899545,
0.018981655535811187,-1.6935861422750689,0.9374285664179176,0.16444712802886452,
0.022827235329559926,-1.693000390199005,0.961394948437185,0.14643801901596398,
0.026766528221710575,-1.6924827197348586,0.9848232230376621,0.12941761603655613,
0.03079731562362234,-1.6920290691517135,1.0076968504779413,0.11341264578631378,
0.034917311886965924,-1.6916352699598871,1.0299990658358966,0.09844979795657785,
0.03912416333919527,-1.6912970469681168,1.0517128630573367,0.08455574794256829,
0.04341544726252489,-1.6910100182640753,1.0728209808324027,0.07175717601037356,
0.04778867082453719,-1.6907696951337017,1.0933058905030753,0.06008078259338627,
0.05224126996933675,-1.6905714819360673,1.11314978619989,0.04955329940857054,
0.05677060827892701,-1.6904106759516306,1.1323345773975637,0.04020149610915306,
0.06137397581519605,-1.6902824672227357,1.1508418840672605,0.03205218222371379,
0.06604858795354615,-1.6901819384060455,1.1686530345875241,0.025132204172550056,
0.07079158421977082,-1.6901040646572418,1.185749066556167,0.019468437200933938,
0.07560002714225736,-1.69004371356874,1.2021107306216368,0.015087772125436433,
0.08047090113195564,-1.6899956451813256,1.2177184974245683,0.012017096853630142,
0.08540111140278994,-1.689954512090491,1.2325525677085765,0.01028327270864774,
0.09038748294528672,-1.6899148596678215,1.2465928856241943,0.009913105667392372,
0.09542675956613336,-1.6898711264170074,1.2598191552116633,0.010933312703533492,
0.1005156030061643,-1.6898176444829587,1.2722108600077353,0.013370483512211116,
0.10565059214888214,-1.689748640331035,1.2837472856794592,0.017251037980949627,
0.11082822233106243,-1.6896582356116006,1.2944075455450728,0.022601179858556527,
0.11604490476626057,-1.6895404482229661,1.304170608799536,0.02944684715863044,
0.12129696609114461,-1.6893891935833083,1.3130153312210098,0.03781365991447759,
0.12658064804352762,-1.6891982861194066,1.3209204880957521,0.04772686597542425,
0.13189210727978165,-1.6889614409770122,1.3278648090635066,0.05921128559860287,
0.13722741533799937,-1.688672275954439,1.3338270145544295,0.07229125564330166,
0.14258255875185052,-1.6883243136575783,1.3387858534627917,0.08699057421520594,
0.1479534393185813,-1.6879109838710418,1.3427201416826915,0.10333244663410354,
0.1533358745230506,-1.6874256261366019,1.345608801117331,0.12133943360998393,
0.15872559811811546,-1.6868614925265673,1.347430898766213,0.14103340250863536,
0.16411826086009088,-1.686211750596291,1.348165685493857,0.16243548256906035,
0.1695094313964473,-1.685469486496683,1.3477926340891075,0.18556602490197538,
0.17489459730138812,-1.6846277082244727,1.3462914762352007,0.2104445680525906,
0.18026916625349554,-1.683679348985059,1.343642238026851,0.2370898098534522,
0.18562846734825855,-1.6826172706401534,1.339825273690754,0.2655195862263927,
0.19096775253701495,-1.6814342672100777,1.334821297189098,0.2957508575189015,
0.19628219818265824,-1.68012306839855,1.3286114114108256,0.3277997028819565,
0.2015669067213837,-1.6786763431060856,1.3211771346813619,0.36168132311611917,
0.20681690841877254,-1.6770867028967538,1.3125004243472098,0.3974100523329839,
0.21202716320763731,-1.6753467053819449,1.3025636972161923,0.434999378702239,
0.2171925625942622,-1.6734488574840134,1.2913498466562225,0.4744619744828378,
0.22230793161896029,-1.6713856185421256,1.2788422561745243,0.5158097354719486,
0.22736803085621846,-1.6691494032223295,1.2650248093145435,0.5590538299490193,
0.23236755843909407,-1.6667325841937468,1.2498818957189064,0.6042047571456718,
0.2373011520919475,-1.6641274945328022,1.233398413213356,0.6512724152361477,
0.2421633911550215,-1.6613264298175296,1.2155597657685018,0.7002661788181175,
0.24694879858379506,-1.6583216498741689,1.1963518571933884,0.7511949858402045,
0.25165184290542497,-1.655105380138447,1.1757610804074712,0.8040674339304399,
0.256266940113928,-1.6516698125940914,1.1537743021257485,0.8588918860889239,
0.2607884554850314,-1.6480071062511803,1.130378842775848,0.915676585727775,
0.26521070529081575,-1.644109387126894,1.1055624514460898,0.9744297810715857,
0.26952795839337684,-1.6399687476910076,1.0793132756402763,1.03515985897155,
0.27373443769573114,-1.635577245738065,1.0516198255885696,1.0978754882356385,
0.2778243214270691,-1.630926902647524,1.0224709328344928,1.1625857726353008,
0.2817917442382137,-1.6260097009922607,0.9918557027861505,1.2293004138158068,
0.2856307980817549,-1.6208175814546117,0.9597634608853094,1.298029884412258,
0.28933553284979907,-1.6153424390075855,0.9261836920110497,1.3687856117565826,
0.2928999567405802,-1.6095761183169752,0.8911059726952906,1.4415801726525403,
0.2963180363233216,-1.6035104083177896,0.85451989568534,1.5164274997964038,
0.29958369626869574,-1.5971370359156654,0.8164149863435317,1.5933431005310732,
0.30269081870999737,-1.5904476587606977,0.7767806103254107,1.6723442887419224,
0.3056332421976987,-1.5834338570373587,0.7356058719253374,1.753450430834725,
0.30840476020738256,-1.5760871242098344,0.692879502420961,1.8366832068810461,
0.3109991191581223,-1.5683988566571296,0.6485897376849347,1.9220668881762053,
0.3134100158951718,-1.5603603421266041,0.6027241842623849,2.0096286326313577,
0.31563109458731103,-1.5519627469281372,0.555269673034805,2.0993987996167154,
0.31765594298532607,-1.5431971017837764,0.5062120995037565,2.191411286090167,
0.3194780879838441,-1.5340542862394264,0.4555362496295101,2.285703886087489,
0.32109099042403855,-1.5245250115357443,0.40322561004861535,2.382318675920518,
0.32248803906951257,-1.5145998018248175,0.3492621613685112,2.4813024277317157,
0.32366254368188985,-1.5042689736072499,0.2936261530943185,2.5827070543919213,
0.3246077271162123,-1.493522613250821,0.23629585858061097,2.686590089107206,
0.3253167163490782,-1.482350552436717,0.17724730821648493,2.793015203525977,
0.3257825323444498,-1.4707423413622602,0.11645399884289875,2.902052768614199,
0.3259980786531057,-1.4586872195098566,0.05388657716396872,3.0137804631009137,
0.3259561286316879,-1.4461740837702788,-0.010487505354457083,3.1282839348944473,
0.32564931115605467,-1.4331914536841253,-0.07670436890830157,3.245657521538394,
0.32507009469105336,-1.4197274335380363,-0.14480411625032752,3.3660050365222287,
0.32421076956470624,-1.4057696710216745,-0.21483128158677833,3.489440629090442,
0.32306342827899065,-1.3913053121172272,-0.286835321428893,3.616089726111832,
0.3216199436717103,-1.3763209518549047,-0.3608711518200849,3.7460900655806446,
0.31987194472422614,-1.3608025805252073,-0.4369997368710463,3.8795928324243176,
0.31781078978787464,-1.3447355248912682,-0.5152887340878727,4.016763908484781,
0.3154275369776116,-1.3281043838920283,-0.5958132025657494,4.157785249809982,
0.31271291145468944,-1.3108929582691595,-0.6786563807305452,4.302856405717231,
0.3096572692910029,-1.2930841734874372,-0.7639105409216325,4.452196195430576,
0.3062505575762523,-1.2746599952498896,-0.8516779286876539,4.6060445593869135,
0.3024822703956095,-1.2556013368360903,-0.9420717951607047,4.7646646034498445,
0.29834140027079165,-1.2358879574156338,-1.0352175312044622,4.928344855114104,
0.2938163846224681,-1.2154983504112407,-1.1312539120808762,5.097401751098317,
0.2888950467785673,-1.194409620910551,-1.2303344609751996,5.272182375172425,
0.2835645310241349,-1.1725973510579375,-1.3326289386080967,5.45306746315338,
0.2778112311682165,-1.150035452305908,-1.438324963979607,5.640474688007365,
0.27162071209820415,-1.1266960033824136,-1.5476297675030881,5.8348622308735685,
0.2649776238116691,-1.1025490728541625,-1.6607720716337584,6.036732632062758,
0.2578656074737573,-1.0775625252641314,-1.778004084477951,6.246636897507778,
0.25026719316491663,-1.0517018100336268,-1.8996035772101716,6.465178807626139,
0.2421636891882332,-1.024929732703163,-2.02587599417086,6.693019332615977,
0.23353506314003078,-0.9972062087253963,-2.157156512050606,6.930880994441663,
0.22435981547198788,-0.9684880010371696,-2.2938119170107267,7.179551922056696,
0.21461484707410064,-0.9387284441977924,-2.4362420994718086,7.4398892098442975,
0.20427532360798384,-0.9078771602310995,-2.5848808665292005,7.712820991673212,
0.19331454109239762,-0.8758797747946416,-2.740195628896555,7.999346359114479,
0.18170379982972076,-0.842677647403899,-2.902685315669218,8.300531847685647,
0.16941229749765835,-0.8082076368305336,-3.0728755830156054,8.617502643341357,
0.1564070575671065,-0.7724019333762089,-3.2513099826379674,8.951425863581205,
0.1426529167385,-0.735188004686642,-3.4385352071516238,9.303482172391721,
0.12811260555702597,-0.6964887226029305,-3.635077795368507,9.674820520927883,
0.11274697062163852,-0.6562227669585773,-3.8414087338468637,10.06648891108829,
0.09651540565318158,-0.6143054398583079,-4.057891242114236,10.479331775067338,
0.0793765825317118,-0.5706500716480072,-4.284705780367443,10.913842052575179,
0.06128960145624337,-0.5251702559640437,-4.521745268867108,11.369953920990874,
0.04221570815017379,-0.4777832090725599,-4.7684733265173955,11.846761722870939,
0.022120746894018165,-0.4284145910140948,-5.023740314038905,12.34215451461628,
0.0009785137346183977,-0.37700511825098304,-5.285558289849941,12.852368190777934,
-0.021224885353441414,-0.3235191800470319,-5.550849772014953,13.371484550987791,
-0.04448572408305031,-0.267955358247624,-5.815209682402222,13.890955449851974,
-0.06877674655374434,-0.2103581521672066,-6.072755617673508,14.399301520104355,
-0.09404147008571839,-0.1508292983656521,-6.316180882993514,14.88221345038863,
-0.12019004688066053,-0.08953600675249074,-6.537144198735533,15.323322903290338,
-0.14709840665146875,-0.026712684167181394,-6.7270899427020545,15.705830646327335,
-0.1746122381961712,0.037346958889811946,-6.878457886175612,16.014910764248334,
-0.20255635491550453,0.10230850631934169,-6.9860291798333325,16.240386857382436,
-0.23074826118998415,0.16782378533035025,-7.047976568619907,16.378819752752143,
-0.25901306113604095,0.23356047598367674,-7.066199986514198,16.43417266333162,
-0.28719623088855206,0.2992274588124547,-7.045792438127782,16.416745707194487,
-0.3151716307363684,0.36459068607223166,-6.99384996195408,16.340806814944234,
-0.3428439061513541,0.4294778955038754,-6.918068853746437,16.22180235791094,
-0.3701460823080357,0.49377378021446244,-6.825544039170391,16.07397117764676,
-0.3970340096160485,0.5574089197930441,-6.721981827003207,15.908784894645397,
-0.4234793538608034,0.6203458411135976,-6.611336061188711,15.734230330138386,
-0.4494624313410686,0.6825647875739498,-6.495769370066309,15.554736615088052,
-0.47496575941716895,0.7440509160588128,-6.375832019025084,15.371532121215745,
-0.4999689226937918,0.8047841032910072,-6.2507908191557116,15.18329680804862,
-0.524445234488961,0.8647323067241162,-6.119077948792299,14.987050858277222,
-0.5483605562997756,0.9238491981858428,-5.978830452703659,14.779222865431663,
-0.5716743567812714,0.9820762354084017,-5.828450120373947,14.556759305639739,
-0.5943426108148163,1.039348384837741,-5.667063508386223,14.318037357334804,
-0.6163216573879001,1.095601753019818,-5.494761643270942,14.063342045519281,
-0.6375719718801682,1.1507810594894632,-5.312578623067015,13.794826617411244,
-0.6580611053193571,1.2048454739375043,-5.122283359797233,13.516103612010253,
-0.6777656038283988,1.2577724552696836,-4.92612462726042,13.231745333044847,
-0.6966721966824637,1.309560176582403,-4.726648213516238,12.946930328179828,
-0.7147787088343328,1.3602294562414654,-4.526628037967266,12.667319914765605,
-0.7320949485260675,1.4098257104118797,-4.329059922933677,12.399063542603558,
-0.7486431830472472,1.4584201720445613,-4.137058630294927,12.14861540817042,
-0.7644568025906407,1.5061075875006922,-3.9534048858484008,11.921853864032734,
-0.7795750708200195,1.5529961626494635,-3.7795670573446927,11.722143787192847,
-0.7940325252070742,1.5991867862870301,-3.614363596763674,11.547655909391683,
-0.8078432688908036,1.644741827051714,-3.4526859209323435,11.388760191170944,
-0.8209821229729005,1.6896471787584868,-3.2847135205242166,11.22633792669318,
-0.833369774589204,1.7337815318926155,-3.0969129040758823,11.033588283532167,
-0.8448810262045853,1.7769309676519722,-2.8778129038453026,10.787358939839171,
-0.85539079333511,1.8188787598967278,-2.6274417826311827,10.486948061188901,
-0.8648233376942156,1.8595027664775792,-2.3581360897763974,10.156001645212827,
-0.8731584265834722,1.8987884424242163,-2.083772222314158,9.8214189866593,
-0.8804088280163807,1.9367852322642833,-1.8126003582271029,9.499197460016779,
-0.8865996896493169,1.973566367269051,-1.5477154082340623,9.195283751191923,
-0.8917575962968765,2.0092074736527223,-1.2894766618899016,8.910276595917821,
-0.8959061704681843,2.043777903626981,-1.0371435428269637,8.642607493564732,
-0.8990648151676466,2.077338158397693,-0.789661174865556,8.39006369267792,
-0.9012487488083828,2.109939799655639,-0.5459834101840557,8.150410314486452,
-0.9024695007033366,2.141626234136913,-0.30518797373846596,7.921608620318495,
-0.9027355247038205,2.172433708975088,-0.06650600012095431,7.701868709543648,
-0.9020528006719558,2.2023922682040706,0.1706810079661687,7.4896398072457275,
-0.9004253812294246,2.2315265912383353,0.4068548606328082,7.283580758566216,
-0.8978558759645358,2.259856701660257,0.6423763162222054,7.082527605480474,
-0.8943458779434437,2.2873985594242474,0.8774995052730095,6.885464440997608,
-0.8898963410676314,2.3141645570978175,1.1123842189530784,6.691499418392511,
-0.8845079170463351,2.3401639416347093,1.3471060053240747,6.499846134222922,
-0.8781812597726393,2.3654031817603567,1.581664318423959,6.309810031411857,
-0.8709173035844268,2.389886299000738,1.8159890470531308,6.120779310095333,
-0.8627175205386254,2.413615178194736,2.049945761450351,5.9322197984994105,
-0.8535841604598191,2.436589870992573,2.2833400197015674,5.743673199459204,
-0.8435204760841114,2.4588089031713696,2.5159210939269356,5.554758044699134,
-0.8325309340501096,2.480269593402616,2.7473855085004453,5.36517255781169,
-0.8206214107974688,2.500968387316916,2.9773808131602113,5.17469847857495,
-0.8077993707261898,2.520901206470935,3.205510017819732,4.983204788504717,
-0.7940740224603986,2.5400638075160105,3.431337066447787,4.790650261268918,
-0.7794564480337638,2.5584521430779223,3.6543936066587137,4.5970838904780145,
-0.7639596995485097,2.576062713218969,3.8741871213135046,4.4026425352616965,
-0.7475988585267065,2.5928928953598236,4.090210255450812,4.207545535213618,
-0.7303910547483663,2.608941241353954,4.301950944585035,4.012086498532561,
-0.712355443611955,2.624207732777953,4.508902784102822,3.8166228559998374,
-0.6935131435457141,2.6386939888136935,4.710575016560222,3.621564008935092,
-0.6738871372756406,2.652403424570488,4.906501567518363,3.4273589391986827,
-0.6535021424317946,2.6653413606190632,5.096248710961508,3.234484012143751,
-0.6323844578422405,2.6775150864448904,5.279421147388519,3.0434314564568483,
-0.6105617919267745,2.6889338813852297,5.455666478866502,2.854698735084831,
-0.5880630790361623,2.699608996603907,5.624678222653048,2.6687788046693193,
-0.5649182886560751,2.7095536011699752,5.786197595021795,2.48615114151712,
-0.5411582313870305,2.718782694764508,5.94001431726116,2.3072733986332175,
-0.5168143647467186,2.7273129892868617,6.085966660077957,2.132573630588419,
-0.4919186012540767,2.7351627618640295,6.223940873160473,1.9624431442919186,
-0.46650312098233643,2.7423516825127843,6.353870067935071,1.7972301621886773,
-0.4406001907601533,2.7489006208382545,6.475732555545791,1.6372345813675118,
-0.41424199233997494,2.7548314374314162,6.589549605044581,1.4827041482903862,
-0.38746046199206235,2.760166766748237,6.69538258697815,1.3338323292051264,
-0.36028714397621886,2.7649297989203445,6.793329503960879,1.1907580430269533,
-0.33275306008713784,2.7691440679466117,6.883520972270252,1.0535672565667578,
-0.3048885969269127,2.772833252967664,6.966115790056279,0.9222962552631304,
-0.27672341177038023,2.7760209979093,7.041296289133121,0.7969362354090017,
-0.24828635696135704,2.778730752911817,7.109263702255798,0.6774387506292374,
-0.21960542185108356,2.780985638936377,7.170233777568368,0.563721506140078,
-0.1907076905012987,2.7828083350570174,7.22443283744621,0.4556740301601354,
-0.16161931282258818,2.7842209864418446,7.272094419677634,0.35316284620679905,
-0.13236548654591088,2.7852451300235517,7.313456569169328,0.25603589542676986,
-0.10297044741512003,2.785901634364298,7.348759782697711,0.1641260851866102,
-0.07345746518087479,2.7862106501466517,7.378245558561311,0.07725394558844556,
-0.043848843290982625,2.786191567933538,7.402155472473039,-0.004770553278455214,
-0.014165920530376422,2.7858629801924746,7.420730690151551,-0.08214693526592232,
0.01557092679476851,2.785242644956276,7.434211831286233,-0.1550838090495601,
0.04534228324502998,2.784347448820769,7.442839112565368,-0.2237990338767908,
0.07512969409812188,2.78319336723072,7.446852713272976,-0.28852039751222147,
0.10491566738295904,2.781795420182619,7.446493321209289,-0.3494867620252078,
0.13468367869162562,2.780167621599737,7.4420028271666405,-0.40694964572048575,
0.16441817926260807,2.778322920736437,7.433625142745611,-0.4611752158250477,
0.19410460774395277,2.776273134060772,7.421607120336178,-0.5124466689162515,
0.2237294059754145,2.7740288661458874,7.4061995578654285,-0.5610669787211495,
0.2532800390815317,2.7715994181539765,7.387658276529292,-0.60736199797777,
0.28274502015187203,2.7689926825000506,7.366245267585085,-0.6516839134815031,
0.31211393979337254,2.7662150222464796,7.342229910375131,-0.6944150633927362,
0.3413775008132998,2.763271133819084,7.315890254981817,-0.7359721068489469,
0.3705275580537629,2.760163892108043,7.287514310115775,-0.7768104277601953,
0.39955716256476553,2.756894178717035,7.257401127750651,-0.8174283477520086,
0.4284606071975437,2.753460698469808,7.225861158194536,-0.8583700618067296,
0.45723346643120294,2.749859798201538,7.1932148084148055,-0.9002250670674397,
0.4858726162324411,2.7460853167515844,7.159787450309534,-0.9436203624883541,
0.5143762110425845,2.742128514121115,7.1258987025358325,-0.9892006576172876,
0.5427435890843948,2.7379781421338647,7.0918445104525905,-1.0375929968126487,
0.5709750822068542,2.7336207120668057,7.057873280614866,-1.0893575167647938,
0.5990717292299516,2.7290409718537796,7.02416175577433,-1.1449350532565057,
0.6270349279888687,2.7242225332446734,6.990799689729306,-1.204609652276532,
0.6548660917745334,2.7191485248747207,6.957790946416166,-1.2685020924882333,
0.682566379340839,2.71380213376274,6.925071891576406,-1.3365977779951956,
0.7101365411215393,2.7081669439550344,6.892540445175082,-1.4087974519263207,
0.7375768859844548,2.7022270533541444,6.860086215728864,-1.4849726502225031,
0.7648873438986087,2.695967007048374,6.827614478538456,-1.5650115764425938,
0.7920675880708442,2.689371611270809,6.795061043058883,-1.6488489443912435,
0.8191171801884569,2.6824256953325225,6.7623980294031885,-1.736478984571644,
0.846035705750771,2.6751138856517223,6.72963139057854,-1.8279524202000383,
0.872822868404081,2.6674204553839993,6.696790663327494,-1.923357566930715,
0.8994785139673217,2.65932931271801,6.663911390810196,-2.0227856664972568,
0.9260025618781426,2.6508241796985605,6.631011977705218,-2.1262832548624653,
0.9523948393788956,2.641888980305864,6.5980693751882535,-2.2337998481741925,
0.97865484142027,2.6325084013438684,6.565000510343603,-2.345144740498863,
1.0047814676067768,2.6226685303121458,6.531656546626691,-2.4599677579306802,
1.0307728021071738,2.612357439803721,6.497833625099285,-2.5777726271061994,
1.0566259937387372,2.6015655986897683,6.463297907890828,-2.697960278488141,
1.0823372643695028,2.590286042799458,6.427817657691393,-2.8198889725776155,
1.1079020378096651,2.5785143069999266,6.391193360040587,-2.942933949882868,
1.133315152998776,2.5662481780543276,6.353278797277696,-3.0665322363997256,
1.1585711121855922,2.553487357277582,6.313989796704053,-3.190205194186488,
1.1836643163999896,2.540233123404454,6.273301053599356,-3.313558468281941,
1.2085892515888765,2.526488068307357,6.231233797221741,-3.4362637742742415,
1.2333406034437724,2.5122559521344283,6.187837963723976,-3.5580290432322093,
1.2579132929626171,2.4975416982090857,6.143172379711166,-3.6785634813356554,
1.282302436154527,2.482351525745323,6.097285797977497,-3.7975431159407145,
1.306503239821692,2.4666932007647464,6.050200916791233,-3.9145812451440753,
1.3305108518781255,2.4505763712016604,6.0019030141083585,-4.029207390771528,
1.3543201901236097,2.4340129394669625,5.952334561371037,-4.140857933674461,
1.377925777903434,2.417017414695031,5.901396944956035,-4.248881192982828,
1.4013216174788787,2.3996071800901597,5.8489598938612195,-4.3525586512178815,
1.4245011301430417,2.3818026126515908,5.794878166040756,-4.451141859642284,
1.447457184492421,2.363627006766137,5.73901358734479,-4.54390147136344,
1.470182221087899,2.345106279519998,5.6812591488695485,-4.6301818115346975,
1.4926684658022515,2.326268468698979,5.62156117858815,-4.709452705254778,
1.5149082097935924,2.3071430655091074,5.559935997835246,-4.7813507974679,
1.5368941251538228,2.2877602448187955,5.496478840057626,-4.845705172577967,
1.5586195835351864,2.2681500622028548,5.431364595340879,-4.902545653985224,
1.5800789494131655,2.2483416807501992,5.364841469494769,-4.952095363163827,
1.601267827212415,2.2283626768987235,5.297219449812351,-4.994750962868898,
1.6221832491812997,2.2082384596722746,5.228855492221169,-5.03105430661225,
1.6428237967142634,2.1879918256681203,5.1601368832409324,-5.0616585010385595,
1.6631896515908438,2.167642663658856,5.0914637191451035,-5.08729050231607,
1.6832825763983945,2.1472078158408405,5.02323120188769,-5.108711954503865,
1.7031058265267474,2.1267010951590666,4.955812532088222,-5.12668017044346,
1.722664000150527,2.1061334486821774,4.8895434059449014,-5.14191161922232,
1.7419628371190632,2.085513246598609,4.824709242134083,-5.1550505208921065,
1.7610089815744416,2.0648466672737897,4.761536113844605,-5.166644831204772,
1.7798097253461962,2.044138143166797,4.700185942938628,-5.1771310267482065,
1.7983727491945274,2.023390831402579,4.640755962082826,-5.186827941054542,
1.816705876955158,2.002607076171506,4.5832819401576845,-5.195938807768305,
1.8348168542578995,1.9817888365428753,4.527744325685342,-5.204559907157611,
1.8527131596171913,1.9609380609690241,4.4740763398229255,-5.212693893462794,
1.8704018520895012,1.940056997135736,4.4221731180774855,-5.220265958322036,
1.8878894568494238,1.9191484318270884,4.3719011899806475,-5.227141327161912,
1.9051818881385596,1.898215859674504,4.323107822283974,-5.233143038146113,
1.9222844080273689,1.8772635821126675,4.2756299722022995,-5.238069390459146,
1.9392016190857952,1.8562967389558942,4.2293027646065875,-5.241710789193354,
1.955937489104422,1.8353212752724257,4.183967504656662,-5.243865920867108,
1.9724954061645288,1.8143438462222246,4.139479265026715,-5.24435726255031,
1.9888782623812116,1.7933716627214606,4.095714054170689,-5.243045875190989,
2.005088564356459,1.772412281576893,4.05257549381185,-5.2398452861419,
2.0211285676689528,1.7514733453260354,4.010000828123366,-5.234734062714389,
2.0370004315695613,1.7305622794840794,3.967965975152133,-5.227766460488975,
2.0527063885204972,1.7096859580947374,3.9264892377339757,-5.219080347335466,
2.0682489214969313,1.6888503520431124,3.8856332441084933,-5.208901512906248,
2.083630940356408,1.6680601779259154,3.8455047148692745,-5.197543529299223,
2.098855947448182,1.647318567633569,3.8062517729434857,-5.185402573086592,
2.113928182372526,1.6266267793893208,3.7680587310859854,-5.172947061062094,
2.128852736718724,1.605983969183014,3.7311385865494944,-5.160702551576666,
2.1436356318279817,1.5853870370861145,3.695723777314405,-5.149233024224895,
2.158283855987532,1.5648305561480207,3.6620560398875606,-5.139120234523438,
2.172805361520034,1.544306783343412,3.6303763831254985,-5.130943201152143,
2.1872090263343233,1.5238057436842352,3.600916203572415,-5.125259914794219,
2.201504587945431,1.5033153715541083,3.57389040277693,-5.122593032531727,
2.215702560183461,1.4828216887291912,3.549493059507493,-5.123420706229299,
2.2298141434995165,1.4623089970248841,3.5278958290139273,-5.128172926076769,
2.243851138977849,1.441760064997463,3.5092488695831117,-5.137233006855308,
2.2578258741915085,1.4211562920132572,3.493683803414884,-5.15094324605144,
2.2717511463703963,1.400477838322885,3.481318044721972,-5.169613422593049,
2.285640185488972,1.379703715531271,3.472259779643916,-5.193530697903492,
2.29950663724834,1.358811837179806,3.4666129398419474,-5.222969587866301,
2.313364563806974,1.337779033476253,3.4644816396584734,-5.258200925888248,
2.3272284586393615,1.3165810372418667,3.4659737080968744,-5.2994990585965684,
2.341113271079588,1.2951924498693375,3.471203110056694,-5.347146843132336,
2.3550344358570423,1.2735866966534068,3.4802911943635433,-5.40143830398265,
2.3690079031255937,1.2517359805213346,3.4933668171378827,-5.462679033018042,
2.3830501649812748,1.2296112422407266,3.5105654639202055,-5.531184570152003,
2.3971782751176507,1.2071821338963626,3.5320275340939795,-5.607277086091011,
2.4114098589612927,1.1844170110505474,3.557895960910498,-5.691280711453832,
2.4257631122627314,1.1612829477344873,3.5883133253596435,-5.783515829015042,
2.440256786613439,1.1377457774193795,3.6234185876768636,-5.8842925787769325,
2.454910160657474,1.1137701625066363,3.6633435110087404,-5.993903728185786,
2.4697429958214814,1.0893196947513757,3.708208791001816,-6.112616938815138,
2.484775475160375,1.0643570294708413,3.7581198347234315,-6.2406663201336166,
2.5000281233714094,1.0388440574650124,3.813162052758571,-6.378243001457218,
2.515521705125177,1.012742120374007,3.873395438441852,-6.5254842727513305,
2.5312770975468535,0.9860122778196576,3.9388481054191047,-6.682460638587356,
2.5473151308878026,0.9586156382609741,4.009508335237272,-6.849159889670879,
2.5636563890703368,0.9305137702072349,4.085314545633565,-7.025467013434778,
2.580320958760856,0.9016692164899783,4.166142422629845,-7.211138429314142,
2.5973281118075855,0.8720461419376352,4.2517882616823615,-7.405768638085776,
2.614695901148419,0.841611154263126,4.3419473352083875,-7.608746918627298,
2.6324406445677755,0.8103343494316774,4.436185854839057,-7.819201207862179,
2.650576263978625,0.7781906461808106,4.533904852712359,-8.035925812716687,
2.669113440470935,0.7451614892244441,4.634294123077548,-8.257289239091598,
2.6880585378684176,0.7112370156463479,4.736274349370595,-8.481118394524058,
2.7074122413732473,0.6764187912623748,4.838425876207467,-8.704556095993258,
2.7271678556334598,0.640723228133183,4.938903565053081,-8.92389078229795,
2.7473092125650567,0.6041857822731816,5.0353392328991795,-9.134361465000364,
2.7678081601466533,0.5668659886157214,5.124736895399204,-9.329948414365084,
2.788621648412856,0.5288532999718882,5.203372066550661,-9.503172160958293,
2.809688509113246,0.49027353582955985,5.266715175097567,-9.644941035582095,
2.8309261511535544,0.45129549503688526,5.309410510077102,-9.744510198168653,
2.8522275679536624,0.41213693783371813,5.325354200027032,-9.789639300791785,
2.8734592604725777,0.37306872699993926,5.307923129728785,-9.767052708444714,
2.8944608754853816,0.3344155260507154,5.250403753200949,-9.663300237305965,
2.915047458674735,0.29655125287481693,5.146645797338377,-9.46606829397462,
2.9350151133730757,0.2598877059822275,4.991913674585199,-9.165886723147365,
2.9541504380628973,0.22485561835453322,4.783831172455347,-8.75802190692357,
2.972243371914191,0.19187888476660375,4.523233462823465,-8.244183396982368,
2.989102139848678,0.16134458738618856,4.214691983621698,-7.6335743451037965,
3.0045681402400657,0.1335731436035499,3.866500097846982,-6.942860945659666,
3.018528193552149,0.1087937499647564,3.4900133280207553,-6.194848409698378,
3.030921791471591,0.08712985128750765,3.0983994798605443,-5.415974669312186,
3.0417418543596875,0.06859762306354802,2.7050157220240543,-4.633057055989907,
3.0510288278368756,0.05311780390259023,2.321743369297079,-3.8699547902394476,
3.058859449200196,0.04053821014431413,1.9576553408301227,-3.1448984395690256,
3.065332846900346,0.030661596535883157,1.618349425037427,-2.4691534021077426,
3.070557286589401,0.023272225587339056,1.306109922263791,-1.8473427371360247,
3.07464025849188,0.01815574783570839,1.020742975619752,-1.2791194379076662,
3.077682693975737,0.015110813311725896,0.7606088709642567,-0.761233630995624,
3.0797758854458275,0.013955266668594507,0.523297867522572,-0.2888866607828474,
3.0809970460399514,0.014535058492947735,0.3052901485310024,0.14494795608830685,