0.030620600762483997,0.0059021200882589725,0.006907608750311404,-0.012529816310300358,0.013323590956793752,-0.02423009877778146,-0.016110653525644336,0.005901910728320654,0.03402280673594846,-0.035781761770227585,0.005789388316871133,0.05826290943128825,0.04711784308896541,-0.058731400702931605,0.00690494848767904,-0.035899847456709114,0.12288968844705647,-0.009223424524250583,-0.23178732071092606,-0.15565965845985902,0.23681800751105755,-0.012536296765935607,0.005621219326544833,-0.007212443284142858,0.06974257958729005,-0.13008687726805765,0.12933075380157943,0.13151236349212508,0.013336774907170527,0.05877229449043049,-0.23359915668837564,-0.12399908485122711,1.3883358188035253,0.05991485503141911,-1.2331474316851254,-0.024234930633049524,0.046958376315779676,-0.15208857393146938,0.13172154402928,0.0469584850702494,0.7427997824820319,-0.17494847530374608,-0.01612684881768192,-0.0592703346267052,0.23925559064110083,0.12580304518395333,-1.2353858771749606,-0.18797865892635487,6.874659799003491,0.0,0.0,0.0,0.0,0.0,0.0,0.0,0.0,0.0,0.0,0.0,0.0,0.0,0.0,0.0,0.0,0.0,0.0,0.0,0.0,0.0,0.0,0.0,0.0,0.0,0.0,0.0,0.0,0.0,0.0,0.0,0.0,0.0,0.0,0.0,0.0,0.0,0.0,0.0,0.0,0.0,0.0,
0.030490786821296217,0.00549102548107948,0.0073981216152498915,-0.012490098260873252,0.01255389924520373,-0.024537481600720803,-0.015316189307401907,0.0056111293765846535,0.03243261194270159,-0.03412126958404045,0.0054714683814659805,0.055756527860023136,0.04492087833204837,-0.056266464081361586,0.00725088771420189,-0.0343106797374213,0.12239344106435097,-0.008245462692001694,-0.23305460280585083,-0.15368622228654577,0.23840618312821796,-0.012465780172013243,0.005379956550847877,-0.006511914441277745,0.07002514268145132,-0.13258578265281218,0.1290683682380091,0.134043369200481,0.012791981154739798,0.056253744369319555,-0.23455390422722325,-0.12728799791991033,1.400788949169693,0.055879096348552273,-1.2467020092878736,-0.024341071041042946,0.04495340314647944,-0.15059037790554197,0.13113562270870482,0.04464961556340677,0.7405348370377458,-0.17296305623545488,-0.015556911203641579,-0.05678185558232137,0.24045119816536278,0.1290771583229503,-1.2486685311945633,-0.18425650678476663,6.888753639276739,0.0,0.0,0.0,0.0,0.0,0.0,0.0,0.0,0.0,0.0,0.0,0.0,0.0,0.0,0.0,0.0,0.0,0.0,0.0,0.0,0.0,0.0,0.0,0.0,0.0,0.0,0.0,0.0,0.0,0.0,0.0,0.0,0.0,0.0,0.0,0.0,0.0,0.0,0.0,0.0,0.0,0.0,
0.030360972880108437,0.005079930873899989,0.007888634480188379,-0.012450380211446146,0.011784207533613707,-0.024844864423660146,-0.01452172508915948,0.005320348024848653,0.03084241714945472,-0.03246077739785332,0.005153548446060828,0.05325014628875802,0.04272391357513134,-0.053801527459791575,0.00759682694072474,-0.03272151201813349,0.12189719368164548,-0.007267500859752806,-0.2343218849007756,-0.1517127861132325,0.23999435874537836,-0.012395263578090879,0.005138693775150921,-0.005811385598412632,0.07030770577561259,-0.13508468803756674,0.1288059826744388,0.13657437490883692,0.01224718740230907,0.05373519424820863,-0.23550865176607086,-0.13057691098859353,1.4132420795358607,0.051843337665685434,-1.260256586890622,-0.024447211449036367,0.042948429977179216,-0.1490921818796146,0.13054970138812966,0.042340746056564134,0.7382698915934598,-0.17097763716716372,-0.014986973589601238,-0.05429337653793754,0.24164680568962474,0.13235127146194725,-1.2619511852141658,-0.1805343546431784,6.902847479549986,0.0,0.0,0.0,0.0,0.0,0.0,0.0,0.0,0.0,0.0,0.0,0.0,0.0,0.0,0.0,0.0,0.0,0.0,0.0,0.0,0.0,0.0,0.0,0.0,0.0,0.0,0.0,0.0,0.0,0.0,0.0,0.0,0.0,0.0,0.0,0.0,0.0,0.0,0.0,0.0,0.0,0.0,
0.027189345799381173,0.004097240469054081,0.006642999837222169,-0.0112574718161094,0.011905013839056088,-0.02175088725227797,-0.014439237371555572,0.004393255302346461,0.027378446854499174,-0.029115571079224762,0.004683417080319169,0.047705788902448906,0.038430152388404915,-0.048248398887481496,0.006278751201481287,-0.029425977834847482,0.11875122534485694,-0.005224600906605195,-0.2329349809684397,-0.14534027346135453,0.2395090050457927,-0.011190670105661514,0.004705508638844853,-0.0040344798640301405,0.07009724053798842,-0.13901384851907478,0.12693147264579646,0.14060651969411048,0.012490923744448244,0.048215383251627206,-0.2338625489890946,-0.13530647268091162,1.4283706129444511,0.04230845858442702,-1.2781105431501527,-0.021255896157092672,0.03876234728086557,-0.14318080057347382,0.12835727412655978,0.034512874655354575,0.729422548291527,-0.1640009690200087,-0.015032469764033088,-0.04876215434700911,0.24081744541882444,0.13713865774368514,-1.279513573625424,-0.17183084276265997,6.922642005730461,-1.2418103183118333e-23,-6.616793522625119e-23,1.1120314985009643e-23,1.2915421363881081e-23,1.4857531362033007e-25,3.572530292153026e-23,1.405748912619568e-23,-4.19031855064996e-23,2.6528570033173254e-23,7.911469010221101e-24,4.192914283502017e-24,1.1324197677311778e-23,-2.4177468677209677e-23,-9.508841498249535e-24,-3.5808570898197653e-25,2.4563883808701117e-25,5.320846790649272e-25,1.5185036351009412e-24,2.136855814126967e-25,-1.645185020278382e-24,4.4131443669933035e-24,-5.474368926101661e-24,1.9119931994414895e-24,5.367308447798514e-25,7.858894883952116e-25,8.225639548533757e-25,-1.8566830754227833e-24,-5.2298450451471855e-25,6.075862764499599e-25,6.04101968145676e-24,-1.2406426214484996e-24,-1.1815199577400361e-24,5.988158882730372e-26,-3.2418265406731615e-24,-1.2566713529083364e-24,5.261298850490444e-14,2.8802274528666194e-14,9.198595207612934e-15,-1.3166814328669154e-14,1.5039920574941436e-14,-2.4661469856083046e-14,-1.8165910999403265e-14,
0.02401771871865391,0.0031145500642081746,0.00539736519425596,-0.010064563420772657,0.012025820144498468,-0.01865691008089579,-0.014356749653951664,0.003466162579844268,0.023914476559543624,-0.025770364760596198,0.004213285714577511,0.0421614315161398,0.03413639120167849,-0.04269527031517142,0.004960675462237834,-0.026130443651561478,0.1156052570080684,-0.003181700953457583,-0.2315480770361038,-0.1389677608094766,0.23902365134620704,-0.009986076633232149,0.004272323502538785,-0.0022575741296476494,0.06988677530036426,-0.14294300900058282,0.1250569626171541,0.14463866447938403,0.012734660086587416,0.04269557225504579,-0.23221644621211832,-0.1400360343732297,1.4434991463530416,0.0327735795031686,-1.2959644994096837,-0.01806458086514898,0.03457626458455192,-0.13726941926733305,0.1261648468649899,0.026685003254145023,0.7205752049895943,-0.15702430087285374,-0.015077965938464938,-0.043230932156080676,0.23998808514802417,0.14192604402542303,-1.297075962036682,-0.16312733088214157,6.9424365319109365,-2.4836206366236666e-23,-1.3233587045250238e-22,2.2240629970019285e-23,2.5830842727762162e-23,2.9715062724066015e-25,7.145060584306052e-23,2.811497825239136e-23,-8.38063710129992e-23,5.305714006634651e-23,1.5822938020442202e-23,8.385828567004035e-24,2.2648395354623556e-23,-4.8354937354419354e-23,-1.901768299649907e-23,-7.161714179639531e-25,4.912776761740223e-25,1.0641693581298544e-24,3.0370072702018823e-24,4.273711628253934e-25,-3.290370040556764e-24,8.826288733986607e-24,-1.0948737852203322e-23,3.823986398882979e-24,1.0734616895597028e-24,1.5717789767904232e-24,1.6451279097067514e-24,-3.7133661508455665e-24,-1.0459690090294371e-24,1.2151725528999198e-24,1.208203936291352e-23,-2.4812852428969993e-24,-2.3630399154800723e-24,1.1976317765460743e-25,-6.483653081346323e-24,-2.513342705816673e-24,1.0522597700980888e-13,5.760454905733239e-14,1.8397190415225868e-14,-2.6333628657338307e-14,3.007984114988287e-14,-4.932293971216609e-14,-3.633182199880653e-14,
0.020846091637926646,0.0021318596593622677,0.004151730551289751,-0.008871655025435911,0.012146626449940849,-0.015562932909513612,-0.014274261936347756,0.0025390698573420764,0.020450506264588077,-0.022425158441967637,0.003743154348835851,0.03661707412983068,0.029842630014952062,-0.03714214174286134,0.003642599722994381,-0.02283490946827547,0.11245928867127986,-0.0011388010003099717,-0.23016117310376794,-0.13259524815759863,0.23853829764662138,-0.008781483160802784,0.003839138366232716,-0.00048066839526515834,0.06967631006274011,-0.14687216948209086,0.12318245258851176,0.1486708092646576,0.012978396428726589,0.03717576125846437,-0.23057034343514204,-0.14476559606554779,1.4586276797616318,0.023238700421910185,-1.3138184556692145,-0.014873265573205285,0.030390181888238277,-0.13135803796119228,0.12397241960342005,0.018857131852935468,0.7117278616876614,-0.15004763272569877,-0.015123462112896786,-0.03769970996515225,0.2391587248772239,0.14671343030716094,-1.3146383504479402,-0.15442381900162316,6.962231058091412,-3.7254309549355e-23,-1.9850380567875356e-22,3.3360944955028926e-23,3.874626409164324e-23,4.457259408609902e-25,1.0717590876459078e-22,4.217246737858704e-23,-1.257095565194988e-22,7.958571009951977e-23,2.3734407030663304e-23,1.2578742850506053e-23,3.397259303193533e-23,-7.253240603162903e-23,-2.8526524494748606e-23,-1.0742571269459296e-24,7.3691651426103355e-25,1.5962540371947815e-24,4.555510905302824e-24,6.410567442380902e-25,-4.935555060835146e-24,1.323943310097991e-23,-1.6423106778304984e-23,5.7359795983244685e-24,1.6101925343395542e-24,2.3576684651856348e-24,2.4676918645601272e-24,-5.57004922626835e-24,-1.5689535135441557e-24,1.8227588293498796e-24,1.812305904437028e-23,-3.721927864345499e-24,-3.544559873220108e-24,1.7964476648191116e-25,-9.725479622019484e-24,-3.770014058725009e-24,1.5783896551471333e-13,8.640682358599858e-14,2.7595785622838803e-14,-3.950044298600746e-14,4.511976172482431e-14,-7.398440956824914e-14,-5.4497732998209796e-14,
0.017674464557199385,0.0011491692545163605,0.0029060959083235414,-0.007678746630099167,0.01226743275538323,-0.012468955738131433,-0.01419177421874385,0.0016119771348398842,0.01698653596963253,-0.019079952123339072,0.0032730229830941924,0.031072716743521567,0.025548868828225633,-0.03158901317055126,0.002324523983750928,-0.019539375284989467,0.10931332033449133,0.0009040989528376403,-0.22877426917143204,-0.1262227355057207,0.2380529439470357,-0.007576889688373418,0.003405953229926648,0.0012962373391173327,0.06946584482511595,-0.1508013299635989,0.12130794255986943,0.15270295404993114,0.013222132770865763,0.03165595026188295,-0.22892424065816575,-0.1494951577578659,1.4737562131702222,0.013703821340651776,-1.3316724119287453,-0.011681950281261592,0.026204099191924627,-0.12544665665505153,0.12177999234185018,0.011029260451725913,0.7028805183857286,-0.14307096457854376,-0.015168958287328636,-0.03216848777422382,0.2383293646064236,0.15150081658889883,-1.3322007388591983,-0.14572030712110473,6.982025584271887,-4.967241273247333e-23,-2.6467174090500475e-22,4.448125994003857e-23,5.1661685455524324e-23,5.943012544813203e-25,1.4290121168612103e-22,5.622995650478272e-23,-1.676127420259984e-22,1.0611428013269302e-22,3.1645876040884403e-23,1.677165713400807e-23,4.529679070924711e-23,-9.670987470883871e-23,-3.803536599299814e-23,-1.4323428359279061e-24,9.825553523480447e-25,2.128338716259709e-24,6.074014540403765e-24,8.547423256507868e-25,-6.580740081113528e-24,1.7652577467973214e-23,-2.1897475704406644e-23,7.647972797765958e-24,2.1469233791194055e-24,3.1435579535808464e-24,3.290255819413503e-24,-7.426732301691133e-24,-2.0919380180588742e-24,2.4303451057998395e-24,2.416407872582704e-23,-4.9625704857939985e-24,-4.7260798309601446e-24,2.3952635530921486e-25,-1.2967306162692646e-23,-5.026685411633346e-24,2.1045195401961776e-13,1.1520909811466478e-13,3.6794380830451735e-14,-5.2667257314676615e-14,6.015968229976574e-14,-9.864587942433219e-14,-7.266364399761306e-14,
0.01450283747647212,0.00016647884967045407,0.001660461265357331,-0.006485838234762422,0.01238823906082561,-0.009374978566749254,-0.014109286501139942,0.000684884412337692,0.013522565674676981,-0.01573474580471051,0.0028028916173525333,0.02552835935721245,0.021255107641499207,-0.02603588459824118,0.001006448244507475,-0.01624384110170346,0.10616735199770279,0.0029469989059852505,-0.22738736523909614,-0.11985022285384273,0.23756759024745003,-0.006372296215944052,0.0029727680936205802,0.003073143073499824,0.06925537958749178,-0.15473049044510695,0.1194334325312271,0.1567350988352047,0.013465869113004937,0.02613613926530153,-0.22727813788118947,-0.15422471945018398,1.4888847465788126,0.004168942259393363,-1.3495263681882763,-0.008490634989317899,0.022018016495610977,-0.11953527534891076,0.11958756508028032,0.003201389050516354,0.6940331750837959,-0.13609429643138876,-0.015214454461760486,-0.026637265583295384,0.2375000043356233,0.15628820287063672,-1.3497631272704564,-0.13701679524058633,7.001820110452362,-6.209051591559166e-23,-3.3083967613125594e-22,5.560157492504821e-23,6.457710681940541e-23,7.428765681016504e-25,1.786265146076513e-22,7.028744563097841e-23,-2.09515927532498e-22,1.326428501658663e-22,3.955734505110551e-23,2.096457141751009e-23,5.662098838655889e-23,-1.2088734338604838e-22,-4.754420749124768e-23,-1.7904285449098826e-24,1.228194190435056e-24,2.6604233953246358e-24,7.592518175504706e-24,1.0684279070634837e-24,-8.22592510139191e-24,2.2065721834966517e-23,-2.7371844630508304e-23,9.559965997207447e-24,2.683654223899257e-24,3.929447441976058e-24,4.1128197742668785e-24,-9.283415377113916e-24,-2.614922522573593e-24,3.0379313822497994e-24,3.02050984072838e-23,-6.203213107242499e-24,-5.90759978870018e-24,2.994079441365186e-25,-1.6209132703365808e-23,-6.2833567645416816e-24,2.630649425245222e-13,1.4401137264333095e-13,4.5992976038064674e-14,-6.583407164334577e-14,7.519960287470718e-14,-1.2330734928041524e-13,-9.082955499701633e-14,
0.011331210395744855,-0.0008162115551754536,0.00041482662239112234,-0.005292929839425677,0.012509045366267992,-0.0062810013953670755,-0.014026798783536035,-0.00024220831016449947,0.010058595379721437,-0.012389539486081949,0.0023327602516108746,0.01998400197090334,0.01696134645477278,-0.020482756025931102,-0.00031162749473597807,-0.012948306918417453,0.10302138366091425,0.0049898988591328625,-0.22600046130676024,-0.11347771020196477,0.23708223654786437,-0.005167702743514687,0.002539582957314512,0.004850048807882316,0.06904491434986762,-0.158659650926615,0.11755892250258475,0.16076724362047826,0.01370960545514411,0.020616328268720115,-0.2256320351042132,-0.15895428114250207,1.504013279987403,-0.005365936821865057,-1.367380324447807,-0.005299319697374205,0.01783193379929733,-0.11362389404276999,0.11739513781871044,-0.004626482350693198,0.6851858317818631,-0.1291176282842338,-0.015259950636192336,-0.02110604339236696,0.23667064406482302,0.1610755891523746,-1.3673255156817146,-0.1283132833600679,7.021614636632838,-7.450861909871e-23,-3.9700761135750713e-22,6.672188991005785e-23,7.749252818328648e-23,8.914518817219805e-25,2.1435181752918156e-22,8.434493475717409e-23,-2.514191130389976e-22,1.5917142019903954e-22,4.746881406132661e-23,2.5157485701012105e-23,6.794518606387066e-23,-1.4506481206325806e-22,-5.705304898949721e-23,-2.1485142538918593e-24,1.4738330285220671e-24,3.192508074389563e-24,9.111021810605647e-24,1.2821134884761803e-24,-9.871110121670293e-24,2.647886620195982e-23,-3.284621355660997e-23,1.1471959196648937e-23,3.2203850686791085e-24,4.7153369303712695e-24,4.9353837291202545e-24,-1.11400984525367e-23,-3.1379070270883115e-24,3.645517658699759e-24,3.624611808874056e-23,-7.443855728690998e-24,-7.089119746440217e-24,3.592895329638223e-25,-1.9450959244038968e-23,-7.540028117450018e-24,3.1567793102942666e-13,1.7281364717199715e-13,5.5191571245677606e-14,-7.900088597201492e-14,9.023952344964861e-14,-1.4796881913649827e-13,-1.0899546599641959e-13,
0.008312674731467786,0.0006966368953801129,-0.004772261370435964,-0.0035846436461243773,0.01917863597418198,0.0018050862215136193,-0.02082498131567525,0.0009764815540982978,0.0074227089306365575,-0.007910037490081899,0.00130088822475195,0.0131841264004696,0.010646139281657094,-0.013653055508615503,-0.005202254599098837,-0.008264323700185344,0.09151185594556241,0.0076778514736714105,-0.21237386628347577,-0.09687478000783183,0.2231512135087723,-0.003509537883025908,0.0013949636645886482,0.007702407790475917,0.06239431415024244,-0.14660689568743748,0.10324321769023623,0.1497890148308144,0.01987650622911422,0.013694028035502244,-0.21252837596399451,-0.1466620167453713,1.4450200554412902,0.002848654316470444,-1.3138204068735937,0.0024016356811457284,0.011156329009696464,-0.09676958928312623,0.10326778582005523,0.002653650636398938,0.6433823022412142,-0.13410169878075792,-0.021555395267287548,-0.014166502216807444,0.22324811445151835,0.14981808326630525,-1.3136334301599721,-0.13428407868246514,6.9721710767390475,-0.0015325736393250885,0.0018895419856647907,0.009504130699087633,0.011504676008434364,-0.0239933127059918,0.008868084915395206,0.030670308847438352,-0.003757222542947979,0.002688885467305222,0.05487060095250231,0.04067164485948326,-0.07865125238547313,0.0076844223344264394,0.11622581693967217,-0.011331808892362922,0.004479072612117465,0.007767310216097535,0.01202436949604632,-0.037794813482080296,0.007944287773947427,0.04237714481040534,-0.0005322354259380848,2.9199823691591133e-05,-0.0020561145035624825,0.010811987271428292,-0.03032867202432394,0.021904872966257982,0.027568003555904313,-0.0006939262076817072,0.00032293634493644357,0.001088496581626568,-0.0014681393900065828,0.003034667077295224,-0.004267778188003753,-0.0022428381520879044,0.00022944402528913746,-0.00010246142697930548,-0.002414374235798094,-0.003049000558006551,0.0065934525376044875,-0.002615408051750824,-0.008167052945445112,
0.007679607344810997,0.0007165075610254872,-0.00512964850515988,-0.003386916720506313,0.019444328984009968,0.002342465737221242,-0.02110904696040159,0.000933485860162485,0.006141278398526477,-0.0062701435045552645,0.0010601319857702026,0.010498429199980935,0.008498021952890372,-0.010889773322053781,-0.005441588649646282,-0.006529190910176537,0.09084987759694069,0.008002122744283488,-0.21020476164482474,-0.09526964277846985,0.22215575264066356,-0.003332368497178608,0.001132880005277353,0.008000119651987768,0.06512326639487769,-0.15474878963476224,0.10844816219954852,0.15772968162350687,0.01995515503967668,0.010854928318124187,-0.21023769658996563,-0.15480796894934162,1.4675029690243993,-0.016414765946408574,-1.337144688031224,0.002772335413967376,0.008873193994311412,-0.09522824075238964,0.10844302265868047,-0.01643341390282066,0.651629163308088,-0.11669088473622528,-0.02164250477394611,-0.01124900508103131,0.222154331044285,0.15777774489909996,-1.3370448353935125,-0.11669494973608399,6.996675318204121,-0.0007662868196625442,0.0009447709928323953,0.004752065349543816,0.005752338004217182,-0.0119966563529959,0.004434042457697603,0.015335154423719176,-0.0018786112714739894,0.001344442733652611,0.027435300476251156,0.02033582242974163,-0.039325626192736565,0.0038422111672132197,0.058112908469836085,-0.005665904446181461,0.0022395363060587325,0.0038836551080487676,0.00601218474802316,-0.018897406741040148,0.003972143886973713,0.02118857240520267,-0.0002661177129690424,1.4599911845795567e-05,-0.0010280572517812412,0.005405993635714146,-0.01516433601216197,0.010952436483128991,0.013784001777952156,-0.0003469631038408536,0.00016146817246822179,0.000544248290813284,-0.0007340696950032914,0.001517333538647612,-0.0021338890940018765,-0.0011214190760439522,0.00011472201264456873,-5.123071348965274e-05,-0.001207187117899047,-0.0015245002790032756,0.0032967262688022437,-0.001307704025875412,-0.004083526472722556,
0.007046539958154208,0.0007363782266708614,-0.0054870356398837965,-0.003189189794888248,0.01971002199383795,0.002879845252928865,-0.02139311260512793,0.0008904901662266722,0.004859847866416396,-0.004630249519028631,0.0008193757467884551,0.007812731999492268,0.00634990462412365,-0.008126491135492058,-0.005680922700193727,-0.00479405812016773,0.09018789924831898,0.008326394014895565,-0.2080356570061737,-0.09366450554910787,0.2211602917725548,-0.003155199111331307,0.000870796345966058,0.008297831513499618,0.06785221863951292,-0.162890683582087,0.11365310670886081,0.16567034841619935,0.020033803850239142,0.00801582860074613,-0.20794701721593675,-0.16295392115331192,1.4899858826075083,-0.03567818620928759,-1.3604689691888545,0.003143035146789024,0.006590058978926363,-0.09368689222165306,0.11361825949730571,-0.03552047844204025,0.6598760243749617,-0.09928007069169265,-0.021729614280604666,-0.008331507945255176,0.22106054763705163,0.16573740653189467,-1.3604562406270528,-0.09910582078970286,7.021179559669194,0.0,0.0,0.0,0.0,0.0,0.0,0.0,0.0,0.0,0.0,0.0,0.0,0.0,0.0,0.0,0.0,0.0,0.0,0.0,0.0,0.0,0.0,0.0,0.0,0.0,0.0,0.0,0.0,0.0,0.0,0.0,0.0,0.0,0.0,0.0,0.0,0.0,0.0,0.0,0.0,0.0,0.0,
0.0065667065701283354,0.00042516362373537655,-0.0061368837423382075,-0.0030401673040149164,0.020830923415594373,0.003941687276806514,-0.022652641071124874,0.0005334784159221336,0.004931115167056445,-0.004824479217900017,0.0009730509256398701,0.007892889889364034,0.006773909413060707,-0.008211063702072915,-0.006263823352350005,-0.00493940351330445,0.09015758312242651,0.008119809587356995,-0.20829946792905563,-0.09473802380360404,0.2226397483428349,-0.0030156504332625638,0.0010083424847141089,0.008104462536272861,0.06801561046210058,-0.16520856686520569,0.11441610015335785,0.16831672441864115,0.021039176579477542,0.008035843525901216,-0.20824604153053347,-0.16524406342968595,1.5163722422896608,-0.03814455881261488,-1.3916205814631735,0.004117524868046873,0.006940389892801426,-0.09474656331953979,0.11439649062181323,-0.03805654254696382,0.663936249733253,-0.0977233412698033,-0.022869501622227745,-0.008356752324583737,0.22258039459269574,0.1683544064170048,-1.3916144799159276,-0.09762653535881617,7.056140616113783,0.0,0.0,0.0,0.0,0.0,0.0,0.0,0.0,0.0,0.0,0.0,0.0,0.0,0.0,0.0,0.0,0.0,0.0,0.0,0.0,0.0,0.0,0.0,0.0,0.0,0.0,0.0,0.0,0.0,0.0,0.0,0.0,0.0,0.0,0.0,0.0,0.0,0.0,0.0,0.0,0.0,0.0,
0.005834042685345002,0.0003937340103644937,-0.007927408578413698,-0.002775174422906542,0.02407896782492117,0.0065004501488133476,-0.02619925711834607,0.0003328557226879097,0.004683848377429843,-0.003645289253315711,0.0010559750553155434,0.005280009063952243,0.0055218369126453426,-0.005429515482979514,-0.007845110656655625,-0.0036108306712079557,0.08595466580701373,0.00834977341578387,-0.20143529436460272,-0.09096006198477388,0.21675800322557628,-0.00278802648644352,0.0010344168318016692,0.0083716421830596,0.06821540136684881,-0.16950330651632733,0.11471727181634706,0.17307859373964096,0.023935605013217173,0.005267676276135986,-0.20149976918085236,-0.1694551424519688,1.540933197648791,-0.050537065454380366,-1.4212678463371502,0.006389457919616222,0.005461964123510321,-0.09094194762389672,0.11474393660041354,-0.05065557548576213,0.6625551198859017,-0.08573796760937462,-0.0260486138228233,-0.005419822597914663,0.2168301677071796,0.17302729419787932,-1.4212755379553124,-0.08586845090070745,7.089667768076742,-8.761067602854458e-13,1.6588039537274956e-13,-1.0032220415795342e-12,3.2429861077247504e-13,1.2120477128125924e-12,1.4689238619107998e-12,-1.242062069428424e-12,-5.439088279398372e-12,1.0297454015539463e-12,-6.228149122043027e-12,2.013308575237371e-12,7.524518757734639e-12,9.119303916736855e-12,-7.710846880126636e-12,-2.8796035635583623e-12,5.453277045717771e-13,-3.2975457003365003e-12,1.0659343041666361e-12,3.9840142434407786e-12,4.8282734921061374e-12,-4.0826772972433865e-12,1.6850475910088248e-14,-3.1911049178701955e-15,1.9296170871911877e-14,-6.2374971435623316e-15,-2.3313181310400186e-14,-2.82534912087394e-14,2.3890527564550414e-14,2.108295757098211e-13,-3.9923560725905726e-14,2.414259811185425e-13,-7.804161484951571e-14,-2.916834243381503e-13,-3.534967399705528e-13,2.989067601709342e-13,-1.8609873321732596e-13,3.5232246884740604e-14,-2.1309579965966887e-13,6.88853535046066e-14,2.574506741441042e-13,3.1201657798676356e-13,-2.6382584452507664e-13,
0.029962062164677658,0.005065363374688113,0.006278678786781264,-0.004777547398940167,-0.0022778928782252075,-0.006590754996725904,-0.0013776477957141704,0.0031038489136035836,0.01613091366451662,-0.016204658162766488,0.0029727220274003356,0.027100076713069816,0.023015918057101722,-0.028822909722099135,0.008659139141064972,-0.014640843772572127,0.11233244610430942,0.006263800774164574,-0.26102561983053607,-0.11894593968822202,0.27633363162338825,-0.005220966063321946,0.002561870418098246,0.006496106327199989,0.04539536400969569,-0.08995504384574943,0.07416559468252862,0.09911284033786118,-0.006188556273508521,0.024784806570115125,-0.26158346544500716,-0.08966250733653733,1.4185616567913697,0.1542514210365812,-1.3229427947696264,-0.009901086550142418,0.021070015262377336,-0.11906274558576674,0.07452239069749922,0.15398914445471754,0.6146952051809982,-0.2804557867017014,0.002762227219752299,-0.02656721798490004,0.2771375173301331,0.09870309798512897,-1.3231728149459359,-0.28113810050983706,7.012867311132288,0.003679914629830885,0.006338918987397213,3.711017202101225e-05,-0.02352294547789347,0.08139002099047134,-0.0431802573539628,-0.07590611228571581,0.004049481808568521,0.005384052463225348,0.052504583182535695,0.036792991580712094,-0.07073992325534076,0.006500707605890456,0.10734746576940343,-0.03289827129580054,0.005373043605319077,-0.007249315880427344,0.008697720059564436,0.011819909056088138,0.012051224081642872,-0.0030962240670793697,-0.0014134976479005122,-0.0002550716289012278,-0.0019849365779168603,0.007031857596350177,-0.01991502538236099,0.014859564587385668,0.018205557104143583,-0.0032256321508467144,0.0005009850119490542,-0.0007060210304153321,0.0009406545283955774,0.0008260406754794055,0.0013421069306205021,3.1058620404887953e-06,-0.00038980132143488907,-0.0005130757213782227,-0.005126467159097765,-0.00362985080718488,0.007037469304783627,-0.0007039809458173258,-0.010602547551083107,
0.0286129993725551,0.005480565682868844,0.0045938570919050485,-0.0024204474040251792,-0.0060952368353577625,-0.0006235733853183436,0.002040246799150569,0.0026283066770680765,0.015545502090889157,-0.0158438966577286,0.0031265791490895927,0.025885843972836664,0.022831893797679803,-0.02764759537681388,0.008013538529605386,-0.013590486244671884,0.11035313490266337,0.00943769410394418,-0.26772208254931973,-0.11100080606772891,0.2831794748104258,-0.003013158419925756,0.0028755422294396457,0.009383846115532416,0.03506637737007964,-0.060811679855144164,0.05258804215457988,0.07258037283935292,-0.011948687443586094,0.021422623781032536,-0.2672500673046335,-0.06118557266460948,1.3367834870651576,0.21158241858882965,-1.2515073606286864,-0.005293257629890552,0.02068081267371508,-0.11190029728577879,0.05268693569693717,0.21410093386502127,0.5678169059866379,-0.3360649783423725,0.00821454762044143,-0.023327347000345035,0.283136298450772,0.0728325700278141,-1.2521610891713288,-0.33414562134003484,6.95125277216296,0.004692389079173353,0.006448899384582914,-0.005308598674020278,-0.028843857112507615,0.10049005509817048,-0.04636094057835369,-0.09745861735000999,0.004496949726670633,0.005861356108224499,0.052790744327180825,0.03359697879211023,-0.0580570046722092,0.0006183522849312847,0.09614104494199341,-0.0324779485050505,0.0042788119874174295,-0.005256533921251643,0.00965839297413866,0.005297688429963538,0.011641821252919573,0.0035921513629280834,-0.0007401985931313433,-0.00017383717783354708,-0.001141197413004019,0.003970030782672941,-0.011310173278255958,0.008452983688316911,0.010332956365874014,-0.0031048547493568645,0.00043035014430924833,-0.0004975338209242053,0.0008072225549879306,0.0008867344408957058,0.0008887120798817339,-1.0255407608117605e-05,-0.00041725692679173794,-0.0005432052011528121,-0.005102563267820934,-0.0033340283408715395,0.005922301422676656,-0.00021741376555110283,-0.009582464091424258,
0.028838999180325228,0.005642669827058008,0.004730079294580538,-0.0031528227556555915,-0.0037987235724342293,-0.002017963330523273,-0.00010102223373479811,0.002737240321528784,0.01618323941060908,-0.016445401568100555,0.003038270563962295,0.027652467545132144,0.023280972380201114,-0.029467331967135402,0.008199705319347723,-0.01414496682611731,0.11180859295555585,0.008593957592028205,-0.2686623034819078,-0.11382761157557793,0.2848111795661906,-0.0037430039632309667,0.0027358608486925855,0.008536519948754455,0.03915850501407132,-0.07259509529752245,0.06107409194680606,0.08362973885831501,-0.009794347545366764,0.02325142649364678,-0.26828316821441905,-0.07281683804536448,1.384849865649918,0.19102480406977043,-1.2983111649919905,-0.006725251102425066,0.02100919768196729,-0.11475138270189986,0.0611608634869063,0.19322301930677854,0.5862499039925188,-0.31723742733352306,0.006223024195622172,-0.025196511125823138,0.28484520804301167,0.08376999580859856,-1.2990196467328976,-0.31554283060154076,6.9970651790573175,0.00017448789873771646,0.011067609198513293,-0.027845550487689365,-0.013303877940255724,0.07979347661070552,0.006656987156620954,-0.08632976738957458,0.004780743437451155,0.005660139423933295,0.054046458561911856,0.03307486955830546,-0.0577303648033079,-0.0014387644237673937,0.09648153194246693,-0.03156760909462128,0.004538985028557129,-0.0034245006838888826,0.005636828358195401,0.017016734550420267,0.002256215465134412,-0.006654021710746778,-0.0007661183010382863,-0.00015220338035608306,-0.0012580359416861275,0.004085801179906141,-0.011657650075102992,0.008801855475369474,0.01061059759770043,-0.0031690439942320342,0.00040519139262977294,-0.0005332041706653802,0.00124209411420667,-0.00042944243749426866,0.0017105257842287016,0.0012394507962288617,-0.000452064613964504,-0.0005483332492320249,-0.005178781886994768,-0.0032223669990622456,0.005637062650558443,4.228552573325548e-05,-0.009356844588497587,
0.029215038526758143,0.005629114705123828,0.005357392879521257,-0.004614676611011258,-0.00016678123469157083,-0.005415014790627583,-0.0034306556887467956,0.002748216238130529,0.016066649386773137,-0.016226582048644522,0.002873373191324848,0.027649824960796876,0.022635552490480135,-0.029407406687094302,0.008816697933395384,-0.013912817545817437,0.11286894200404382,0.0065646985689930834,-0.26266012566983815,-0.11794495192903444,0.27940513332355066,-0.005186040331256615,0.002453457666131185,0.006795119617041474,0.04592135373563695,-0.09134898985878681,0.07541326330903012,0.10079948658112212,-0.0061078388216951485,0.023668394900367148,-0.2631516324632415,-0.09130673602225117,1.4347522446021514,0.14991408184339505,-1.342450699868171,-0.010058210598509665,0.02012573503226807,-0.11831480250969703,0.07580412189773321,0.15064710545456506,0.6160849390301306,-0.27804666957397245,0.0028513213787788533,-0.025522665747010946,0.2802730378489803,0.10056314282253595,-1.3427854815051372,-0.2779849730162894,7.036005278392862,-0.0005782325880099031,0.00820816662103643,-0.021714552149529918,-0.006018016923984374,0.04993379854417564,0.013117565379597363,-0.05537552495085267,0.0018095205562948776,0.003988507588851066,0.03840634327022781,0.035366579847536925,-0.07008562367251119,0.02052731410042776,0.09766603058963227,-0.024748635743870186,0.0033344651989971044,-0.003593057590443413,0.008511424338425388,0.0023321486199316434,0.010515749238694869,0.00489904446677455,-0.0008413038607476438,-0.00015086854120292795,-0.0012647676492932003,0.004584974749376077,-0.012578691485410302,0.009725934442622677,0.01157719135723546,-0.002359920021140538,0.0003115804833992268,-0.0003604124982988019,0.0007094766813985398,0.000254113191764075,0.0008269415408108641,0.0003880810587616962,-0.00016272682870455775,-0.0003862632607881377,-0.0036714242684562936,-0.003447479491520278,0.006829976926645715,-0.002081867792498137,-0.009475140732470789,
0.02959107787319106,0.005615559583189648,0.005984706464461977,-0.006076530466366924,0.0034651611030510877,-0.008812066250731892,-0.006760289143758793,0.0027591921547322745,0.015950059362937197,-0.01600776252918849,0.002708475818687402,0.02764718237646161,0.02199013260075916,-0.0293474814070532,0.009433690547443042,-0.013680668265517566,0.1139292910525318,0.004535439545957962,-0.2566579478577685,-0.12206229228249094,0.2739990870809107,-0.006629076699282263,0.0021710544835697844,0.005053719285328494,0.05268420245720258,-0.11010288442005119,0.08975243467125417,0.11796923430392924,-0.002421330098023533,0.02408536330708752,-0.25802009671206405,-0.10979663399913787,1.4846546235543847,0.10880335961701966,-1.3865902347443515,-0.013391170094594264,0.019242272382568846,-0.1218782223174942,0.09044738030856012,0.10807119160235155,0.6459199740677424,-0.2388559118144219,-0.0005203814380644652,-0.025848820368198758,0.2757008676549489,0.11735628983647332,-1.386551316277377,-0.24042711543103795,7.074945377728406,-0.0013309530747575226,0.005348724043559566,-0.015583553811370473,0.0012678440922869755,0.02007412047764575,0.019578143602573775,-0.024421282512130764,-0.0011617023248613996,0.002316875753768835,0.02276622797854376,0.037658290136768385,-0.08244088254171447,0.04249339262462292,0.09885052923679763,-0.017929662393119095,0.0021299453694370797,-0.0037616144969979436,0.011386020318655377,-0.01235243731055698,0.018775283012255325,0.01645211064429588,-0.0009164894204570014,-0.00014953370204977284,-0.0012714993569002734,0.005084148318846012,-0.013499732895717612,0.01065001340987588,0.01254378511677049,-0.0015507960480490414,0.00021796957416868058,-0.00018762082593222365,0.00017685924859040967,0.0009376688210224187,-5.664270260697345e-05,-0.0004632886787054693,0.00012661095655538848,-0.00022419327234425053,-0.0021640666499178193,-0.0036725919839783105,0.008022891202732986,-0.00420602111072953,-0.009593436876443992,
0.029967117219623977,0.005602004461255467,0.006612020049402697,-0.007538384321722591,0.007097103440793746,-0.012209117710836201,-0.010089922598770791,0.0027701680713340202,0.015833469339101253,-0.015788943009732458,0.002543578446049955,0.027644539792126346,0.02134471271103818,-0.029287556127012098,0.0100506831614907,-0.013448518985217693,0.11498964010101978,0.00250618052292284,-0.25065577004569883,-0.12617963263594745,0.2685930408382707,-0.008072113067307912,0.0018886513010083837,0.0033123189536155145,0.059447051178768216,-0.12885677898131556,0.10409160603347822,0.13513898202673635,0.0012651786256480824,0.02450233171380789,-0.2528885609608865,-0.12828653197602458,1.534557002506618,0.06769263739064427,-1.4307297696205319,-0.016724129590678864,0.018358809732869623,-0.12544164212529138,0.10509063871938702,0.06549527775013805,0.6757550091053541,-0.19966515405487129,-0.003892084254907783,-0.026174974989386566,0.2711286974609175,0.1341494368504107,-1.4303171510496169,-0.20286925784578658,7.113885477063951,-0.002083673561505142,0.0024892814660827014,-0.009452555473211027,0.008553705108558326,-0.009785557588884136,0.026038721825550185,0.006532959926591142,-0.004132925206017677,0.0006452439186866053,0.007126112686859712,0.03995000042599985,-0.09479614141091776,0.06445947114881807,0.10003502788396298,-0.011110689042368005,0.0009254255398770551,-0.003930171403552474,0.014260616298885365,-0.027037023241045604,0.02703481678581578,0.028005176821817204,-0.0009916749801663588,-0.00014819886289661776,-0.0012782310645073462,0.005583321888315948,-0.01442077430602492,0.011574092377129083,0.013510378876305521,-0.000741672074957545,0.00012435866493813437,-1.4829153565645392e-05,-0.0003557581842177206,0.0016212244502807624,-0.0009402269460248107,-0.0013146584161726346,0.0004159487418153347,-6.212328390036337e-05,-0.0006567090313793454,-0.0038977044764363427,0.009215805478820258,-0.0063301744289609215,-0.009711733020417196,
0.030343156566056892,0.005588449339321287,0.007239333634343416,-0.009000238177078257,0.010729045778536405,-0.015606169170940511,-0.013419556053782788,0.0027811439879357656,0.01571687931526531,-0.015570123490276424,0.0023786810734125084,0.027641897207791078,0.020699292821317203,-0.029227630846970998,0.01066767577553836,-0.01321636970491782,0.11604998914950775,0.00047692149988771764,-0.2446535922336292,-0.13029697298940396,0.2631869945956307,-0.00951514943533356,0.0016062481184469831,0.0015709186219025342,0.06620989990033385,-0.14761067354257992,0.11843077739570228,0.15230872974954346,0.004951687349319699,0.02491930012052826,-0.24775702520970902,-0.14677642995291126,1.5844593814588515,0.026581915164268884,-1.4748693044967123,-0.020057089086763465,0.017475347083170403,-0.12900506193308856,0.11973389713021393,0.022919363897924556,0.705590044142966,-0.1604743962953207,-0.0072637870717511014,-0.026501129610574374,0.2665565272668861,0.15094258386434808,-1.4740829858218565,-0.16531140026053517,7.152825576399495,-0.002836394048252762,-0.00037016111139416243,-0.00332155713505158,0.015839566124829677,-0.039645235655414016,0.032499300048526594,0.037487202365313055,-0.007104148087173955,-0.0010263879163956253,-0.008514002604824343,0.04224171071523132,-0.10715140028012105,0.08642554967301323,0.10121952653112833,-0.00429171569161691,-0.0002790942896829695,-0.004098728310107005,0.017135212279115353,-0.04172160917153423,0.035294350559376235,0.039558242999338536,-0.0010668605398757164,-0.00014686402374346265,-0.001284962772114419,0.006082495457785884,-0.01534181571633223,0.012498171344382285,0.014476972635840551,6.745189813395125e-05,3.074775570758819e-05,0.00015796251880093284,-0.0008883756170258507,0.002304780079539106,-0.0018238111894426487,-0.0021660281536398,0.0007052865270752809,9.994670454352383e-05,0.0008506485871591294,-0.004122816968894375,0.01040871975490753,-0.008454327747192314,-0.009830029164390398,
0.0298723665550229,0.0043974266178335684,0.008382241828705901,-0.009875160920657312,0.010537250552644168,-0.018673838443578256,-0.013129311003278521,0.0015399742397874496,0.015583867655393036,-0.016484330775810116,0.0027976929161865325,0.02832786895022563,0.021912672545548424,-0.029922341089905994,0.0117894609826963,-0.014072307551839016,0.11802934314350651,-0.0004581961146469827,-0.24693995804856492,-0.13191433456192936,0.2651615390367387,-0.010472182051036331,0.0018431577597290284,0.0001760337505599992,0.07056405035503727,-0.15500496962712915,0.12860877334789098,0.15913011020882686,0.004773792666598496,0.025952428741208376,-0.24897251996869396,-0.15357599211988193,1.5990989575319006,0.009152072348429139,-1.487385812073926,-0.02319965109944899,0.018309502147386792,-0.13143823705183355,0.12936779857055913,0.00564687885447301,0.7244213977326407,-0.1434652831128878,-0.007046702700271332,-0.02754573979775955,0.2674621166756453,0.15759476273917514,-1.4876487843933366,-0.1473710776803845,7.164414311825059,0.0,0.0,0.0,0.0,0.0,0.0,0.0,0.0,0.0,0.0,0.0,0.0,0.0,0.0,0.0,0.0,0.0,0.0,0.0,0.0,0.0,0.0,0.0,0.0,0.0,0.0,0.0,0.0,0.0,0.0,0.0,0.0,0.0,0.0,0.0,0.0,0.0,0.0,0.0,0.0,0.0,0.0,
0.030254022325147484,0.004993834439821086,0.00804974644050149,-0.01008002911441065,0.01146899523280743,-0.019066746016003455,-0.014421975362849095,0.002268359033276648,0.01472598338626926,-0.014771811194419823,0.0023375546698636124,0.02560686609242212,0.019157152181479876,-0.02717109713116325,0.011278680601214102,-0.012478776184138332,0.11553223829706565,0.0003156680480926672,-0.2420011692406223,-0.12471401549482712,0.2591530793315741,-0.010644690655744039,0.0014125809287528887,0.0009364370424248293,0.07011742789086335,-0.15018115421870554,0.12780363455143517,0.15435731728777632,0.006064740042880368,0.023388419578897326,-0.24391970741976288,-0.14880667008127532,1.5431628373194521,0.0037189085910775237,-1.427418559407806,-0.023284937583718118,0.01570975849242219,-0.12417871574503801,0.1285209794213869,0.00031665339671044923,0.7126638369632882,-0.13627965734290612,-0.008708923475692222,-0.024987592772211978,0.26137281544205077,0.15287079422810704,-1.427739195313916,-0.14012658229437375,7.1018790863191095,0.0,0.0,0.0,0.0,0.0,0.0,0.0,0.0,0.0,0.0,0.0,0.0,0.0,0.0,0.0,0.0,0.0,0.0,0.0,0.0,0.0,0.0,0.0,0.0,0.0,0.0,0.0,0.0,0.0,0.0,0.0,0.0,0.0,0.0,0.0,0.0,0.0,0.0,0.0,0.0,0.0,0.0,
0.029536599745410258,0.004515746727142347,0.008292894877709976,-0.009953010543773904,0.010566106222237939,-0.019336981093162953,-0.013529018733728979,0.0021318217312932654,0.01314076560471567,-0.012871798334776401,0.002025000874667654,0.022281827062523997,0.016534589063538347,-0.0237017457291495,0.011099001250166163,-0.010847707564623285,0.11374867543714305,0.0007406554066067197,-0.2392558904853917,-0.12055173213708684,0.25632745206858737,-0.01044143479905546,0.0012154083826788156,0.0012789731795877402,0.06983578299753133,-0.14829906883378083,0.12766758918890736,0.15260576091901118,0.005878426411632463,0.020306404360742596,-0.24091069334473833,-0.14711174389347526,1.5258374205546803,-0.0010665848108383762,-1.4101712211848514,-0.02296852588266743,0.013508469729882875,-0.12007260561160421,0.12828089642091922,-0.004008702561775303,0.7074802250001107,-0.13130585657301325,-0.008564775860992179,-0.021760598304692347,0.25825744713175897,0.1513175008637411,-1.4104678360000755,-0.1346511708419292,7.084867543082793,0.0,0.0,0.0,0.0,0.0,0.0,0.0,0.0,0.0,0.0,0.0,0.0,0.0,0.0,0.0,0.0,0.0,0.0,0.0,0.0,0.0,0.0,0.0,0.0,0.0,0.0,0.0,0.0,0.0,0.0,0.0,0.0,0.0,0.0,0.0,0.0,0.0,0.0,0.0,0.0,0.0,0.0,
0.02881917716567303,0.004037659014463609,0.008536043314918461,-0.009825991973137159,0.009663217211668445,-0.01960721617032245,-0.012636062104608863,0.0019952844293098827,0.011555547823162081,-0.010971785475132978,0.0017124470794716963,0.01895678803262587,0.013912025945596818,-0.020232394327135753,0.010919321899118225,-0.00921663894510824,0.11196511257722046,0.0011656427651207722,-0.2365106117301611,-0.11638944877934657,0.25350182480560063,-0.010238178942366883,0.0010182358366047422,0.0016215093167506508,0.06955413810419932,-0.14641698344885612,0.12753154382637955,0.15085420455024606,0.005692112780384558,0.01722438914258787,-0.23790167926971378,-0.14541681770567516,1.5085120037899085,-0.005852078212754275,-1.3929238829618968,-0.02265211418161674,0.011307180967343558,-0.11596649547817042,0.1280408134204515,-0.008334058520261055,0.7022966130369332,-0.1263320558031204,-0.008420628246292135,-0.01853360383717272,0.25514207882146717,0.14976420749937516,-1.393196476686235,-0.12917575938948467,7.0678559998464765,0.0,0.0,0.0,0.0,0.0,0.0,0.0,0.0,0.0,0.0,0.0,0.0,0.0,0.0,0.0,0.0,0.0,0.0,0.0,0.0,0.0,0.0,0.0,0.0,0.0,0.0,0.0,0.0,0.0,0.0,0.0,0.0,0.0,0.0,0.0,0.0,0.0,0.0,0.0,0.0,0.0,0.0,
0.012113073811699675,0.0018640395025098727,-0.0018323199729325492,-0.004405612515845755,0.01639289839178387,-0.0030651715300569426,-0.018501936638718523,0.001309728283599602,0.008298734989425934,-0.007781118470338679,0.00123597558882168,0.013348750266944912,0.009900837304925362,-0.014316128407430942,-0.001167648935279011,-0.007221909425136705,0.10088955928948143,0.005723863663566919,-0.22692081120020288,-0.09892780308107678,0.2448101585315708,-0.0044916596762391795,0.001055471653617567,0.005858479527602767,0.0672269408500737,-0.14940048401870215,0.12209134149181525,0.15338945719578984,0.01537309214905322,0.01266380262938883,-0.22721943471034703,-0.14946824598595745,1.5051549577383851,-0.02300974054894905,-1.3931503071474818,-0.0038678549875599444,0.00909156931828574,-0.09888052274434897,0.12191653037659878,-0.024366561156846326,0.6766758353324823,-0.10981118341685196,-0.017369741598635673,-0.013617760127580276,0.2452333099838322,0.15346941000367428,-1.3925648172904248,-0.11070854543077624,7.0691315713719165,0.002149459818837533,-0.0004994472429594771,-8.67987702298893e-05,-0.005598019438056803,-0.0003639141975010377,0.021315255379731897,-0.014700173545635823,-0.0023383387087648733,0.0005573654432464353,-0.0012351101951741125,0.007996442769125162,-0.0009585403511065,-0.0198840822980885,0.017774273027285615,-0.0007520283982996572,0.0001309164906631086,0.004297209294094533,-0.004083582311094683,0.004514728852657449,-0.017943061678433035,-0.0005595759142026416,-0.00024316097651543332,5.910341740602177e-05,-0.00024807928757440397,0.0009951015923453216,-0.0002267758627353977,-0.0017811775142390247,0.002007026488706754,-0.00023124263508737976,5.3284689774309787e-05,5.280640688757086e-05,0.0005405643000414379,8.380032825963772e-05,-0.002400114442888191,0.0015233169771776732,8.652950852858573e-05,-2.0392466276893456e-05,1.896855660036022e-05,-0.00025967093098039286,5.3310120960327185e-06,0.0007995108324446525,-0.0006211912938246795,
0.007830949322775671,0.00048031088004333965,-0.005039617313452186,-0.0032688098983800315,0.020137121823470758,0.0013104993693889748,-0.02220214465828614,0.00030996681874054217,0.006780821569129912,-0.007125707906140601,0.0011841159196923103,0.01187767965978292,0.009122244803226159,-0.012812830327826418,-0.00484344903575362,-0.006945698080026121,0.09613738500918326,0.0073425706711538995,-0.2229230389437189,-0.0915155056752589,0.2414880255286991,-0.003252153177690878,0.0011171549671869724,0.007394133427843687,0.06583233956971432,-0.15039106633263888,0.12132187894787404,0.1537566906528896,0.019958995233366555,0.011584985541680312,-0.2229078493192597,-0.15117656816015407,1.5083076566336457,-0.032275683754801845,-1.4013399519833059,0.0011424967079900442,0.008801707795007508,-0.09135515572002376,0.1203543628222293,-0.034684310757075586,0.6653450923748041,-0.0982516527095709,-0.021936074544194734,-0.012518125538074128,0.24149258145734315,0.1547154819825575,-1.3995023341965867,-0.09899070075813875,7.078498975654844,0.002933366916711964,-0.0007173076043327994,-0.010097056121751392,-0.010849113065417052,0.017585609745455134,0.04628072749446857,-0.047017778500950194,-0.004126861427567664,0.001404593545285149,0.011730344243863745,0.018994676925718875,-0.01393366344549318,-0.05223158363573099,0.056876566081340195,-0.0025125476881801717,0.00030104110677196626,0.027459721395091546,-0.026587805012273567,0.042252254192406864,-0.06153121016316235,-0.034577000549298076,-0.00039748872766023723,0.00024218158833554186,-0.0017984903431940682,0.004002532999801707,-0.0014212208108549341,-0.003421310337967921,0.006804436663915885,-0.0005120182754032061,0.00018645388010861261,0.0007178632362329496,0.0014290389021802917,-0.00017211421292157698,-0.008119116439076628,0.005136914482117767,0.0002399449572259229,-0.00010837829488041941,-0.000402660032457809,-0.001037291222708403,-0.0007203602349107876,0.002723879358724877,-0.0018498825164185752,
0.006755030574192423,0.0002144724302468862,-0.0060569540971791794,-0.0028895254775906628,0.021335310760558293,0.0030996750931694627,-0.02363178936646791,9.841910482149386e-05,0.007487234814098048,-0.008479512015433288,0.0013124904085835996,0.014304473925691993,0.010682007059365709,-0.015516327803757413,-0.00592996494099138,-0.008333976760052353,0.09726400541812705,0.00716543911796063,-0.22515336965411803,-0.09398486319283915,0.24579026830831752,-0.0028757768754354616,0.0012628499653561968,0.007437526031041714,0.06424883112744947,-0.14694086538334766,0.11758843583004806,0.1514366208028863,0.021262869815576558,0.013987532435550874,-0.2256012837188719,-0.1470901840567251,1.5145467501133059,-0.016394720805869168,-1.417330309437348,0.002949930967939053,0.010415566704387747,-0.09291701613405104,0.11702719579158197,-0.021522907730722268,0.6617221773243117,-0.111652419028486,-0.023473673077577813,-0.015203042183410401,0.24608082111072924,0.15169211413924635,-1.415118245184825,-0.11526603042408447,7.103147468261891,0.001927998444325598,-0.0010106410841591365,-0.009203900689370133,0.009820555126899047,-0.04919988305202412,0.08701988878467563,0.0153122462717569,-0.0042705108989534064,0.0008702152726970115,0.01936642737850521,0.03308889829560406,-0.07759828582440514,0.0018296240011535822,0.10577222330224294,-0.0026064105136779474,-3.6573418136348087e-05,0.02504358555682918,-0.0068087227180032754,-0.015197493043408412,-0.012072709202083521,0.015071383259964434,-0.00020852922737470833,0.00027121255144643176,-0.002614124754990713,0.005218964340657354,-0.003951160392540789,0.004406020727857002,0.007118044840999736,-0.0003409828431417855,0.00025286476769676363,0.00036910888087592,-0.00033666713589627017,0.0067635979096836284,-0.00963910148534327,-0.001965333263907954,0.0002607071709398942,-0.0001516931854679244,-0.0003413965604915287,-0.002024980003087072,0.0006809337438686674,0.0004052491970848751,-0.0032662920336006284,
0.012256318933370248,-0.0006735717775168045,6.107423596117222e-05,-0.0042803885292023915,0.013218025338665236,-0.0046109459053584835,-0.015124974028293983,-0.0011502757792659411,0.010413332284190674,-0.012953005392729745,0.0019676445990051182,0.021351185160238824,0.016549105144849603,-0.023482258933387963,0.0005032166477405095,-0.01244139159352527,0.10642117779916385,0.006163443108681687,-0.23865490681106905,-0.10906375761375078,0.26389180818376745,-0.004162863630121236,0.0018300535906784477,0.006837062297888073,0.05953923631353064,-0.13368512547764033,0.11112512129459377,0.13861809279122309,0.012593026789847162,0.020368948645436584,-0.23847338437640966,-0.13471007900974327,1.5076423899682179,0.031457629219174346,-1.4266414441746784,-0.004938961755988971,0.01563235374936151,-0.10550874764066458,0.11066326426934323,0.022125231840226075,0.6618921973909845,-0.15601872291206703,-0.014270128293096561,-0.022445571707382504,0.26326874835131425,0.1394329805413885,-1.421999360648344,-0.163753379445529,7.124124611600578,0.0008025113771299589,-0.001801125792375869,0.003956513441465565,0.03066221537185165,-0.17111504051045745,0.15489586116416457,0.11532908176293297,-0.004194756426123492,-0.0013496864185370083,0.05127722098178808,0.03038212459274783,-0.14965842016039346,0.007333698037585183,0.16613998705736763,-0.007930507329139469,0.005039175643838838,0.007991099342346097,-0.003903770173288036,0.05710480801453843,-0.023662484309126455,-0.037751343023562735,-0.00041856005253137915,0.0002571368229100767,-0.0026922906092412273,0.004097257515604746,-0.003866928836695195,0.0058439872586069416,0.005179081218511057,-0.0006043683640516471,0.0004047087394310346,0.0024735498516607144,-0.0034903458046111092,0.010962932383866768,-0.011917660635634772,-0.0077008138682962595,0.0010128693681157454,-0.00043518176286942305,0.0013724881092610245,-0.008732482573179637,0.012480974958433887,-0.01255572166007904,-0.01551930546695675,
0.01662168133353311,0.0003426857692185192,0.002434390462630995,-0.004216669123597477,0.009002063796888424,-0.006123535194074331,-0.010835264818571562,-0.000697303353903795,0.011249816462696778,-0.013012945873524482,0.0020321189341253373,0.020521145855488906,0.017050967647568173,-0.023041373006057006,0.0034755950104220835,-0.012072733117245176,0.10688486370888647,0.007020070513375524,-0.23782847641624194,-0.11026025730861191,0.2658350587452299,-0.004190343891606399,0.001817211451279658,0.007827597027358019,0.05566444111190524,-0.12511222587916718,0.10258104363814523,0.13116848120239846,0.007407399311004352,0.019132927186144778,-0.23879463274940513,-0.12432531671979746,1.467382529235287,0.062449897632209386,-1.4011060512952374,-0.006913263017806787,0.015504212955291804,-0.1051412605067975,0.10172077950061852,0.04586740868487816,0.6451866899915648,-0.17957981840296428,-0.009004233581200012,-0.021467157911208724,0.2657463754574098,0.13063991845164868,-1.39572788107392,-0.19313958692933264,7.111200447242752,0.0006616147344081689,0.001495016832533783,0.00011624341933650023,0.026469217217154048,-0.1471121615686985,0.13703229433783448,0.09767492878211953,-0.0015459728789074404,0.0006923943329229575,0.04975239290861501,0.029238757396000813,-0.10475191963078154,0.0018432310647706384,0.13089623003260947,-0.014759224443031724,0.0048543486899332855,0.0071431198601088495,0.00139602067148239,0.025675694590057273,-0.007373751504360232,-0.012070644175914875,-0.0005423500134927733,0.00017079504250771697,-0.0026608344855675757,0.003913619218211751,-0.003866490032655146,0.006248070259058918,0.00484192777821692,-0.0013480283900210574,0.0004635578111879375,0.0014743510733561328,-0.0021395893901040557,0.00814930022762652,-0.007957695868594149,-0.005531450043477864,0.0005667298054517626,-0.00044791497328696854,-0.00053248525524993,-0.006722876336466187,0.00869616166884005,-0.008165488738694895,-0.012200079957593982,
0.020987043733695972,0.001358943315953843,0.004807706689300817,-0.004152949717992562,0.004786102255111613,-0.007636124482790178,-0.006545555608849139,-0.0002443309285416489,0.01208630064120288,-0.013072886354319217,0.0020965932692455567,0.019691106550738986,0.017552830150286747,-0.022600487078726045,0.006447973373103657,-0.01170407464096508,0.10734854961860908,0.007876697918069362,-0.23700204602141484,-0.11145675700347306,0.26777830930669233,-0.004217824153091563,0.001804369311880868,0.008818131756827967,0.05178964591027984,-0.11653932628069401,0.09403696598169667,0.12371886961357385,0.002221771832161542,0.017896905726852968,-0.23911588112240056,-0.11394055442985167,1.4271226685023557,0.09344216604524443,-1.3755706584157965,-0.008887564279624602,0.0153760721612221,-0.1047737733729304,0.0927782947318938,0.06960958552953024,0.628481182592145,-0.2031409138938615,-0.0037383388693034633,-0.02048874411503494,0.2682240025635054,0.12184685636190884,-1.3694564014994959,-0.22252579441313627,7.098276282884927,0.0005207180916863789,0.004791159457443435,-0.003724026602792564,0.022276219062456446,-0.12310928262693957,0.11916872751150442,0.0800207758013061,0.0011028106683086117,0.0027344750843829235,0.048227564835441945,0.028095390199253795,-0.059845419101169625,-0.003647235908043906,0.09565247300785133,-0.02158794155692398,0.004669521736027734,0.0062951403778716015,0.006695811516252816,-0.005753418834423887,0.00891498130040599,0.013610054671732985,-0.0006661399744541676,8.445326210535726e-05,-0.002629378361893924,0.003729980920818755,-0.0038660512286150975,0.006652153259510894,0.004504774337922783,-0.0020916884159904677,0.0005224068829448404,0.0004751522950515513,-0.0007888329755970027,0.005335668071386271,-0.003997731101553523,-0.0033620862186594675,0.00012059024278777985,-0.00046064818370451403,-0.0024374586197608845,-0.0047132700997527385,0.004911348379246214,-0.0037752558173107485,-0.008880854448231217,
0.025352406133858835,0.0023752008626891667,0.00718102291597064,-0.004089230312387647,0.0005701407133348019,-0.009148713771506025,-0.002255846399126719,0.00020864149682049717,0.012922784819708984,-0.013132826835113954,0.0021610676043657758,0.018861067245989068,0.018054692653005317,-0.02215960115139509,0.009420351735785232,-0.011335416164684985,0.1078122355283317,0.008733325322763198,-0.23617561562658773,-0.11265325669833419,0.26972155986815477,-0.004245304414576726,0.0017915271724820783,0.009808666486297912,0.047914850708654436,-0.10796642668222084,0.08549288832524812,0.11626925802474923,-0.002963855646681267,0.01666088426756116,-0.23943712949539603,-0.10355579213990586,1.3868628077694247,0.12443443445827947,-1.3500352655363554,-0.010861865541442417,0.015247931367152395,-0.10440628623906331,0.0838358099631691,0.09335176237418233,0.6117756751927254,-0.22670200938475873,0.0015275558425930852,-0.01951033031886116,0.270701629669601,0.11305379427216901,-1.3431849219250718,-0.2519120018969399,7.085352118527101,0.00037982144896458894,0.008087302082353087,-0.007564296624921628,0.018083220907758844,-0.09910640368518062,0.10130516068517434,0.06236662282049266,0.003751594215524664,0.00477655583584289,0.046702736762268875,0.026952023002506778,-0.014938918571557703,-0.009137702880858451,0.06040871598309319,-0.028416658670816233,0.004484694782122181,0.0054471608956343535,0.011995602361023242,-0.03718253225890505,0.025203714105172213,0.039290753519380855,-0.0007899299354155618,-1.8885182970024496e-06,-0.0025979222382202724,0.003546342623425759,-0.0038656124245750488,0.00705623625996287,0.004167620897628646,-0.002835348441959878,0.0005812559547017433,-0.0005240464832530304,0.0005619234389100502,0.0025220359151460216,-3.776633451289844e-05,-0.0011927223938410717,-0.00032554931987620285,-0.0004733813941220595,-0.004342431984271839,-0.0027036638630392887,0.0011265350896523766,0.000614977104073399,-0.005561628938868449,
0.027659222093506904,0.0033999086473319824,0.0077956137797713185,-0.0031287835171091433,-0.003243276952016528,-0.006448502070015633,0.0011033351401115565,0.0006562297748617008,0.014787125896176805,-0.01469771969153362,0.0026283897384587925,0.01968999183456473,0.020745100586512383,-0.02371950631623702,0.010633278503707167,-0.01245534092602812,0.10966475822575507,0.008967010823798584,-0.23792937693920013,-0.1132995023743978,0.2735918066494395,-0.003463028500610765,0.0022808362195213625,0.009813418150171676,0.04190306310047967,-0.08684522656496801,0.07135679659155883,0.0977291816632134,-0.0072056174414138405,0.016714027711878382,-0.24067482517277136,-0.08301400826511154,1.3132038794875367,0.17484100087592827,-1.2935014694452354,-0.009312275039456721,0.01764930752233784,-0.10611313198360543,0.07097892043617218,0.1416952359410296,0.5885911860190821,-0.2740497272626454,0.005594009839376303,-0.020215987307413447,0.2743084979504584,0.0945242660650903,-1.2852983313727326,-0.302489933053383,7.0443662436631636,0.0006213811252891942,0.013117235151943813,-0.02770346017125957,0.0007975197283849383,0.02307848946973752,0.06829010834173148,-0.04987073066985231,0.00548647828439556,0.005131406941534144,0.051907067317987304,0.028964946789088883,-0.03413585881112724,-0.0035560472637368203,0.07766680249706945,-0.03123064946020005,0.004718004841145551,0.00013910538449503305,0.008859293770928941,-0.0049855728323942574,0.012090478398853431,0.013239312608110352,-0.0009374136364313421,-8.788604718884321e-05,-0.0028054038872493566,0.004012314439751148,-0.005748926439890143,0.008890787547475283,0.005552189749415256,-0.003040241052478607,0.0005570980670058346,-0.00041734169434811926,0.0007013896380896287,0.001362843577062917,0.000955580950457659,-0.00043329724579761145,-0.0004926026557404852,-0.0005250805548629405,-0.004743000445580282,-0.002759907221461474,0.002114805302614889,0.00045106152180651,-0.006469272715500869,
0.028336099777945354,0.004155329121078037,0.007885492607632315,-0.003718940050539592,5.18290770151949e-06,-0.0068886192613784964,-0.00202096549247075,0.00114602660981798,0.01576165688264623,-0.015355332292262847,0.0022464697538718725,0.022169990674211614,0.02032577362768838,-0.02627823941558907,0.01106328532657157,-0.012804452502054616,0.11163152338562517,0.008947745031281535,-0.23947164762634293,-0.11288169398825022,0.2762269232475573,-0.003953288477702602,0.0017992353904678448,0.010233322168400462,0.047521915583553793,-0.11401100425051378,0.0826913491919359,0.12295974751351413,-0.005167360566043279,0.019032543031264077,-0.24427323029983708,-0.10853547513430215,1.438801548934465,0.11544143893067309,-1.4117467745770513,-0.009852727861570707,0.01708843227075169,-0.10612845279267004,0.08218139991376411,0.08497227672121328,0.6191026326665151,-0.2262552962406644,0.003705130426644483,-0.02263257544316382,0.27932829566874895,0.11834239586623777,-1.4060546884246234,-0.2523800810679407,7.160260667617447,-0.0020848552517262896,0.011870881544175604,-0.027726803260804816,0.02608450635441774,-0.047408616799304554,0.12189295766882283,0.01840716936871939,0.006915577027645732,0.006089434336435688,0.04984510251930473,0.020681188322423626,-0.005932638789981684,-0.021503133319682604,0.05082448529442757,-0.032002014640502396,0.002550624010706321,0.0048747314347297,0.017981983216681048,-0.059849347446518965,0.03050485545603822,0.063391142245806,-0.0009879319404225578,-8.649801177275451e-05,-0.00327089707478364,0.0038035482108194512,-0.0034405690369348567,0.009205853140878843,0.0031989115447654116,-0.0031430082227512698,0.0005668819205639999,-0.0010449305566671333,0.001000758022284238,0.0022416415742446696,0.0015026609972042214,-0.0011600261509052598,-0.0005847031524237249,-0.0005904610544576511,-0.004569803258314814,-0.0023188103787474975,0.0007178673111202212,0.0011451113931847728,-0.005011919827347657,
0.02855895543558141,0.0044169851310312085,0.008474837212096395,-0.003745464548859035,-0.0005550133781497904,-0.006912333029488941,-0.0013711522818603712,0.0012894158172732633,0.01643533785537255,-0.015796041410706924,0.0020750304989054875,0.02294815131537156,0.020186462085495904,-0.027230209069201455,0.01169602730287148,-0.013056815647917355,0.11397806065028214,0.008430954036412534,-0.24007843384876187,-0.11409718360130844,0.2782020306424609,-0.004002703395982101,0.00164911187562163,0.009453318877488645,0.04883164725971456,-0.1189108922836,0.08516536158167672,0.12789006884757886,-0.005405420180269025,0.019388178303395825,-0.2433512479599382,-0.11456844958195946,1.4664023834182067,0.09778288179481562,-1.441296158441691,-0.010077540284818715,0.01699677390821323,-0.10882376733575537,0.08488604204314949,0.07280589361259761,0.625390786281765,-0.21654031920320604,0.004159627218006553,-0.023169305960802633,0.2802823069454292,0.12416011454547267,-1.4366065435416766,-0.23819085731083678,7.193563906453559,1.9674850539653825e-05,0.010352861889631207,-0.023649741097159005,0.024888036712241473,-0.0612556345437856,0.12236192253755167,0.02918139910766145,0.006885863493752874,0.005773620913947131,0.04914994515442566,0.021526293227088378,-0.007587010900788858,-0.021962384767759708,0.053208499892323166,-0.03108193556020737,0.002571385400005283,0.0023979561591782623,0.011534864716943765,-0.02460052357117369,0.008816469980821988,0.03420179619464162,-0.0010714432316354238,-9.513481211046898e-05,-0.003651604052922677,0.00409180393648956,-0.003569577184323654,0.010256023901737164,0.0031763962283054867,-0.0030361503653375302,0.0004196189684316376,-0.000408843821379119,0.001308629564172418,-0.0013009851286348198,0.00211656539155866,0.002028320507078102,-0.0006269667524856227,-0.0005938356619950108,-0.004480970402621421,-0.002143860191670071,-2.3572269386020348e-05,0.0018125894718575013,-0.0044163832564083445,
0.028737333561385792,0.004472674967162554,0.009231809903758235,-0.00373686101158138,-0.0011015835654329027,-0.006571072889868643,-0.0007952248715104144,0.00128162813538147,0.016820801209059537,-0.015844230000939957,0.0015785854830429075,0.02359251086417291,0.01827303761746887,-0.027692707786618732,0.012461057971396322,-0.012985569612792153,0.11445170504590231,0.010051422110898493,-0.23974179842295326,-0.10349255862422227,0.2769110047557398,-0.003940820802633967,0.001214253100719292,0.010751958322268556,0.04955792068959077,-0.1302890493818554,0.08125211042578735,0.1402854370819515,-0.0058795147758558845,0.01971698686645801,-0.24115532160879333,-0.12769779776384196,1.5124677827270565,0.05295209908033837,-1.483317231226313,-0.009721523563519619,0.015526363505042957,-0.10098637536687438,0.08116942779715747,0.040575694464689824,0.5895156697907946,-0.17958173803391747,0.004744967436178815,-0.023417039810783455,0.27809172558291273,0.13799722984879464,-1.4816411894594406,-0.1904545158357569,7.234358921826501,0.008516487973782986,0.006688191957923912,0.02380904300902804,0.0016613263921602262,-0.18524518605675802,0.006289998783844941,0.15843414815184628,0.006941337607655037,0.005709856832059126,0.05067815768235671,0.01971929275177546,0.0032070156235035844,-0.03091345255160467,0.04585438494950516,-0.02824262978755363,0.0007047641083863705,0.024774630413853957,0.004842910744023989,-0.07885573804142987,-0.03385070881244813,0.0923660341790379,-0.0012033491556342594,-9.055369904878137e-05,-0.004329520391133793,0.004619171917325613,-0.003509286632614203,0.012237927016695732,0.0028624534429464933,-0.0028522478322044837,0.0003980267323261274,0.00045129611266606616,0.00025826151720866026,0.00029443903799607565,-0.0024788249598860957,0.0013646414155800304,-0.0005440883596445384,-0.0006481319751993022,-0.003994113155903384,-0.002051162959279609,-0.0032191710584651536,0.002139545702793578,-0.0016687138916976223,
0.028935015565540567,0.004405142786430656,0.010448818089683915,-0.0037761520319633413,-0.0034453048651414656,-0.008742218851459685,0.0021741115378012803,0.0012015264817484463,0.017448439000759406,-0.01682575583233472,0.0018644713291208605,0.024372804113704245,0.02093410841311689,-0.029258646308688584,0.01372011053059484,-0.013770438474962506,0.12163539483330221,0.006427014223034332,-0.24370828439166364,-0.12714701914943918,0.2868677534138789,-0.003965753088513754,0.001422351331736167,0.007737650421750173,0.05120424859995402,-0.126000176219313,0.09065160789838023,0.13454015128438582,-0.008560348355974664,0.020376875350392315,-0.2488001462157914,-0.12026632994741839,1.510354608829281,0.09634881442694387,-1.492516163308705,-0.011860916998806701,0.01746642037428456,-0.1214487130220127,0.09056566364191272,0.06893605710346962,0.6501224744276869,-0.21979754110903926,0.008019786639172698,-0.024653104816946308,0.29063264109813575,0.12949581694679035,-1.488076257807948,-0.24391778923849286,7.254346495631051,0.00019251438219753747,0.006952283702461727,-0.02978135266723847,0.042311464563125345,-0.12463714803090228,0.14576759382436544,0.09213857130366475,0.00860836919092308,0.0050235583968561755,0.05677308837680917,0.0212867522527336,-0.02797181361631933,-0.02239634916696768,0.07185975401239954,-0.0306515116443332,0.0005126202817830586,0.008305830882742591,0.0215196496664076,-0.08006667205183567,0.03138061079348606,0.0852060576409201,-0.0013522201614797219,-9.958278842502937e-05,-0.00466493573630808,0.004836997744223388,-0.003527810307342589,0.012111006992668028,0.0030975583217463646,-0.0030428243382485836,0.00027243096064036976,-0.0004871754878726992,0.002007740110979524,-0.0029521006209511625,0.0033689129768845285,0.0037451213218654806,-0.0007056595117215971,-0.0005422526125201408,-0.004771813949443291,-0.0023861794208677773,0.0013634033437765149,0.001110921584073805,-0.005665534888286404,
0.029158524445223336,0.004277385389769614,0.011579351162788788,-0.0035566086582482907,-0.005928319879778899,-0.009319799337558287,0.005010741073364769,0.0010806833150747775,0.01808085697412999,-0.017581052639893912,0.0018561912793423833,0.025092635123633272,0.021730685455376805,-0.030379508882965568,0.01482288566623397,-0.014413732395561119,0.12626066224772609,0.005943240028488081,-0.2483057006866624,-0.13329832553871937,0.29423937000240424,-0.0036981566388485762,0.0014200371781065149,0.007395077971252124,0.05112340331085439,-0.12631536807923427,0.089861446865006,0.13509453707674351,-0.011029702645127468,0.020931941563190032,-0.25385953533402905,-0.11996304194934146,1.5284033423626247,0.10562722111769614,-1.5153486538482124,-0.012288058858649262,0.018137377041689957,-0.1270420594250869,0.08989852088165574,0.07549161362585866,0.6529890240185364,-0.2290777386062031,0.010852815368123561,-0.025539174609416692,0.29834630222153935,0.12944310635721337,-1.5104809780362627,-0.2558004342514475,7.282733105638435,0.00022931910860273262,0.006134690919110924,-0.02796361707486666,0.04794688316159408,-0.13628647735131783,0.15338257649243014,0.10633395789992697,0.008079131890880917,0.005235460476117302,0.0544360683174721,0.02377738926575335,-0.0358390001793831,-0.014691151942606454,0.07806533936488247,-0.03156845502644085,0.0006067798982825914,0.004812480710130219,0.026311967457327133,-0.08579003442758484,0.04485912355901093,0.09002104066397873,-0.00137267968907351,-0.00011550637939337563,-0.004636243317284632,0.004941694901081235,-0.004175454124641193,0.01221109630906172,0.0037222719590334218,-0.0030989901654764804,0.00025462680257743565,-0.0005558193945521733,0.0022802792399821974,-0.0034746331527851985,0.003983282218448016,0.004267007399818786,-0.0006599797401845318,-0.0005530312478496096,-0.004610203864955514,-0.0027012287607609364,0.0027026821135485153,0.00019665244422098914,-0.0067825321602870215,
0.02938474799595795,0.004081518643269442,0.01258994702301009,-0.003263209006170788,-0.007767414963558899,-0.009669271847529852,0.0073006445393423,0.0009062216294068481,0.018560464591952965,-0.018049974707192672,0.0018123371607583377,0.025033246657979846,0.022079888414422034,-0.030727431063671314,0.015756868316704434,-0.014825588618537314,0.12942057261595138,0.005996984493915638,-0.2484590979441167,-0.13653327489358927,0.2977711919788379,-0.0033593460849001095,0.0014015211306237481,0.0075435384464933595,0.05116339314788212,-0.1287061623862033,0.08970677864641106,0.13758064217969337,-0.012763154379072347,0.020887301232420646,-0.25468791481344505,-0.1220163315775875,1.53763249299184,0.10278443302880916,-1.5302523382431257,-0.01243134183094562,0.01847089425005043,-0.12990239133168138,0.08977947117754684,0.0714038043031453,0.6558150468420879,-0.22860694872247247,0.013036442581609853,-0.025823637865439304,0.30242176821409206,0.13158304236101068,-1.5250894378547,-0.2566231687164764,7.304652319841622,0.0008791703378752658,0.00621780204265208,-0.025946419871069833,0.04648921157983153,-0.15039739409640346,0.1426691819729419,0.12110266849450335,0.008405350807040005,0.0053312042426647745,0.055428719309737334,0.0241058081932552,-0.036950182243230975,-0.012283315715029074,0.0791268264242302,-0.031553914101832656,0.0003664752425596232,0.00526696618114772,0.02944875437388848,-0.10130902431224581,0.051364274587157754,0.10480677272909371,-0.0013835617126497033,-0.0001153914449128063,-0.0047113546870984095,0.0049783809567149504,-0.003943246878503437,0.012297280314548785,0.0035043223280286453,-0.003100437489544592,0.00023656632241796918,-0.00048396335619082983,0.002317847985927104,-0.0038345612489455493,0.003923791020376527,0.004668982376865483,-0.000684558024149701,-0.0005804842170896676,-0.004572482474463266,-0.002708631300472898,0.002354990958819548,-3.0970357163873086e-05,-0.006434761533475497,
0.029610971546692566,0.0038856518967692708,0.013600542883231391,-0.0029698093540932845,-0.009606510047338899,-0.010018744357501419,0.00959054800531983,0.0007317599437389186,0.019040072209775934,-0.018518896774491436,0.0017684830421742918,0.02497385819232642,0.02242909137346726,-0.031075353244377057,0.016690850967174896,-0.015237444841513511,0.13258048298417666,0.006050728959343194,-0.24861249520157094,-0.1397682242484592,0.30130301395527154,-0.003020535530951643,0.0013830050831409816,0.007691998921734594,0.051203382984909854,-0.13109695669317237,0.08955211042781612,0.14006674728264323,-0.014496606113017224,0.02084266090165126,-0.2555162942928611,-0.12406962120583355,1.5468616436210554,0.09994164493992219,-1.5451560226380392,-0.012574624803241976,0.018804411458410903,-0.13276272323827587,0.08966042147343795,0.06731599498043195,0.6586410696656393,-0.22813615883874186,0.015220069795096144,-0.026108101121461915,0.3064972342066448,0.13372297836480798,-1.5396978976731375,-0.2574459031815053,7.326571534044809,0.0015290215671477992,0.006300913166193236,-0.023929222667273,0.04503153999806898,-0.16450831084148906,0.13195578745345368,0.13587137908907973,0.008731569723199092,0.005426948009212247,0.056421370302002574,0.024434227120757046,-0.03806136430707885,-0.009875479487451693,0.08018831348357794,-0.03153937317722445,0.000126170586836655,0.005721451652165222,0.032585541290449827,-0.11682801419690678,0.05786942561530458,0.11959250479420867,-0.0013944437362258966,-0.00011527651043223698,-0.004786466056912186,0.005015067012348666,-0.0037110396323656813,0.01238346432003585,0.0032863726970238684,-0.003101884813612704,0.00021850584225850268,-0.00041210731782948635,0.0023554167318720104,-0.0041944893451059,0.003864299822305038,0.005070957353912179,-0.0007091363081148703,-0.0006079371863297256,-0.0045347610839710185,-0.0027160338401848593,0.0020072998040905807,-0.00025859315854873533,-0.006086990906663973,
0.02983719509742718,0.0036897851502690994,0.014611138743452693,-0.0026764097020157817,-0.011445605131118898,-0.010368216867472984,0.01188045147129736,0.0005572982580709893,0.019519679827598908,-0.018987818841790197,0.0017246289235902461,0.024914469726672994,0.022778294332512487,-0.0314232754250828,0.01762483361764536,-0.015649301064489706,0.13574039335240196,0.006104473424770752,-0.24876589245902522,-0.1430031736033291,0.3048348359317052,-0.002681724977003176,0.0013644890356582149,0.00784045939697583,0.05124337282193758,-0.1334877510001414,0.08939744220922119,0.1425528523855931,-0.016230057846962104,0.020798020570881873,-0.2563446737722771,-0.1261229108340796,1.5560907942502706,0.09709885685103521,-1.5600597070329525,-0.012717907775538334,0.019137928666771376,-0.13562305514487036,0.08954137176932904,0.0632281856577186,0.6614670924891908,-0.22766536895501124,0.017403697008582436,-0.026392564377484527,0.3105727001991975,0.1358629143686053,-1.5543063574915748,-0.2582686376465342,7.348490748247996,0.0021788727964203326,0.006384024289734393,-0.021912025463476172,0.04357386841630643,-0.1786192275865747,0.12124239293396544,0.1506400896836561,0.00905778863935818,0.00552269177575972,0.05741402129426781,0.024762646048258896,-0.03917254637092672,-0.007467643259874312,0.08124980054292567,-0.03152483225261626,-0.00011413406888631317,0.006175937123182723,0.03572232820701117,-0.13234700408156774,0.0643745766434514,0.13437823685932365,-0.00140532575980209,-0.00011516157595166764,-0.004861577426725964,0.005051753067982382,-0.003478832386227926,0.012469648325522916,0.003068423066019092,-0.003103332137680816,0.00020044536209903622,-0.0003402512794681428,0.002392985477816917,-0.004554417441266251,0.003804808624233549,0.0054729323309588756,-0.0007337145920800395,-0.0006353901555697836,-0.0044970396934787705,-0.0027234363798968207,0.0016596086493616134,-0.00048621595993359753,-0.005739220279852448,
0.030109718709042808,0.0034549971075983296,0.015520087306885307,-0.002224096990162413,-0.0131725564475905,-0.010279777901147005,0.014134148016166158,0.0004182773665705163,0.02029644341311544,-0.019654367627264843,0.0017738353337159736,0.024680360025854175,0.023511949574643386,-0.031731262823461774,0.018367917516433276,-0.016367921414857798,0.13856279137468555,0.006658015814939426,-0.24821252625303855,-0.14484983618853536,0.3082839792095212,-0.0021914721260575722,0.0014615085692495915,0.008476985350701684,0.05054197790811079,-0.13482472009045157,0.08762730900626228,0.14421049125461866,-0.01768308219866145,0.02074091614644969,-0.2565271480647009,-0.127177041647397,1.5610160501744608,0.09529689422676857,-1.5723730056338945,-0.012328140389885812,0.019986073623150327,-0.13700666696591096,0.08772929960722531,0.060151399860125396,0.6597597076188206,-0.22821946350026628,0.019347243614496832,-0.026810127376560928,0.3145801030203946,0.13723495928643367,-1.5661942136962803,-0.26013529708774225,7.369846317467748,0.003300304430342135,0.007134299181186882,-0.019402651603513385,0.03644597062468619,-0.17027657343536345,0.09608585367944843,0.14562139891388023,0.009620563711700166,0.005595355444339091,0.05942034632987988,0.02532208905805398,-0.044427281851703644,-0.00451922181057293,0.08636067859504315,-0.031123361417948883,-0.00015120383227382856,0.007610847824961753,0.0362120574651383,-0.14098588994589378,0.06266427770319025,0.14388976056578234,-0.0013539531420507628,-0.0001213996599051441,-0.004776525857183308,0.004936318622685214,-0.0032362455433625984,0.012255238104354107,0.0028051165602643716,-0.003073000107701904,0.00021911179235676844,-0.0002143500751686266,0.0021455883954109327,-0.003889159067034975,0.002996957444703426,0.004978337713430595,-0.000763820474676045,-0.0006924031049451073,-0.004354360270462611,-0.0025264107951629812,4.430555018452656e-05,-0.00034418539838558504,-0.0041977920966128355,
0.030318432580527306,0.003191233178644246,0.015998322438943616,-0.0017969263544134625,-0.012999555496271901,-0.009742628301209004,0.014467357072362148,0.0002616233972801504,0.020897356526899856,-0.01988425594340613,0.0014644275388597148,0.02496264811922046,0.022943428102296416,-0.03233015992365802,0.018584634257784713,-0.016760085135378893,0.13840312923941692,0.008754274420051571,-0.2443759747505357,-0.13948216949321712,0.3074741378299284,-0.001783162916917234,0.0013041271058129044,0.010038215486958903,0.05113863543161594,-0.14590118788859355,0.08737243784084117,0.15544311396040816,-0.016588225079936004,0.02113748309405642,-0.2505217799634769,-0.14035447661114717,1.6037222845043566,0.06214860178349034,-1.618704027576008,-0.011571943289750667,0.01987868497918715,-0.1326325520405336,0.08701404876228475,0.032919484515026846,0.6516236946520425,-0.20303457263847569,0.018751849583004,-0.027504218237542052,0.3116759392079581,0.15052863541356565,-1.6127208775962139,-0.22928974192850474,7.4217614762738595,0.00298961010333349,0.006410797777977746,-0.024065636219414856,0.03174943418701319,-0.1571330997447402,0.08481863612748033,0.13208157000001886,0.011047281234549351,0.005064849049824936,0.0662767605046439,0.021443991628190585,-0.04135410167158873,-0.01876882799717742,0.08696283498457674,-0.029118107890919127,0.00042225806042032544,0.009498124310726844,0.027496245750901527,-0.10494171145720903,0.03938192558131559,0.1126802450967555,-0.0013026592523586772,-7.817711552562953e-05,-0.004939706699984247,0.004467881200821188,-0.0007560295715592327,0.01155977676438825,0.00031809992694594716,-0.0029067416066504504,0.00027955217829873707,-5.734554805852894e-06,0.0012677975586376173,-0.0003159910722109246,0.00067639495466489,0.001835077007981936,-0.0008787463570960436,-0.0006185552819999544,-0.004927395341984733,-0.0022971694087131713,0.0004034712379244218,0.0005491451269940765,-0.004752154985792014,
0.030527146452011805,0.0029274692496901625,0.016476557571001926,-0.0013697557186645119,-0.012826554544953305,-0.009205478701271003,0.01480056612855814,0.00010496942798978457,0.02149826964068427,-0.02011414425954742,0.001155019744003456,0.025244936212586746,0.02237490662994945,-0.032929057023854263,0.01880135099913615,-0.017152248855899988,0.13824346710414828,0.010850533025163717,-0.24053942324803287,-0.13411450279789888,0.30666429645033555,-0.0013748537077768956,0.0011467456423762171,0.011599445623216123,0.05173529295512108,-0.15697765568673552,0.08711756667542007,0.16667573666619764,-0.015493367961210557,0.021534050041663155,-0.24451641186225292,-0.15353191157489735,1.6464285188342525,0.029000309340212107,-1.6650350495181216,-0.010815746189615522,0.019771296335223967,-0.1282584371151562,0.0862987979173442,0.005687569169928296,0.6434876816852644,-0.17784968177668511,0.018156455551511172,-0.028198309098523177,0.3087717753955217,0.16382231154069762,-1.6592475414961472,-0.19844418676926723,7.473676635079972,0.0026789157763248447,0.00568729637476861,-0.028728620835316326,0.027052897749340193,-0.143989626054117,0.07355141857551224,0.11854174108615749,0.012473998757398538,0.004534342655310779,0.07313317467940793,0.017565894198327194,-0.03828092149147382,-0.033018434183781906,0.08756499137411033,-0.027112854363889376,0.0009957199531144794,0.011385400796491934,0.018780434036664753,-0.06889753296852427,0.01609957345944094,0.08147072962772867,-0.0012513653626665914,-3.495457114611497e-05,-0.005102887542785186,0.003999443778957163,0.0017241864002441331,0.010864315424422392,-0.002168916706372477,-0.0027404831055989963,0.00033999256424070576,0.00020288096555692078,0.0003900067218643018,0.0032571769226131257,-0.0016441675353736464,-0.0013081836974667234,-0.0009936722395160421,-0.0005447074590548016,-0.005500430413506855,-0.0020679280222633614,0.000762636925664317,0.001442475652373738,-0.005306517874971192,
0.03074981812169158,0.0025885052052201213,0.017171172631860545,-0.0008646364080289904,-0.013496649534429578,-0.00875075709620564,0.015983144090850703,-0.00010264822704990077,0.022291615747109302,-0.020618735303624413,0.0006161949885524753,0.02732973867147901,0.021348927316327822,-0.035273356236792834,0.019328465286708063,-0.017932275965012453,0.1393558396623667,0.013457145303861008,-0.2426112573628944,-0.12706890413598146,0.31113719668951223,-0.0008461315074921775,0.0007826895844692972,0.013459889353656065,0.05200380942082395,-0.16764935318126062,0.08540106869882437,0.17782739109420836,-0.01589621605510864,0.02397418259182408,-0.24324694507426672,-0.16747847923714554,1.7072015545771038,-0.0036238593771127487,-1.7285306246285912,-0.01017060330863672,0.019288430204758726,-0.12315062105302009,0.08441037032392222,-0.01736150041746832,0.6268846760828872,-0.15400186950253755,0.01905032289845428,-0.030889619192530554,0.310249450652732,0.1780375984721836,-1.7234213575844655,-0.16577576709397404,7.5417640050378525,-0.0007951069424392663,-0.0015100109875323354,-0.012850528286790782,0.04344745960379411,-0.2969342137512609,0.08704317003164407,0.2686050591972464,0.012807609335951643,0.003496389399000558,0.07734536493305617,0.02218833569692986,-0.0636133578297836,-0.019996480561507983,0.11179316819348292,-0.028582012421717116,0.002508142402879478,0.014865481520397513,0.013646198305464333,-0.05682525317172642,-0.01162980058658675,0.07725167021759406,-0.001243002858097765,9.531706655199068e-08,-0.005255735728603047,0.003553248273256081,0.0037158020076981137,0.01010430889684014,-0.0042186324123225614,-0.002835804629222495,0.0005119403368530982,0.0006094568855726447,-0.00038485227623398825,0.005534312215114189,-0.004955144002157931,-0.002782094163619839,-0.0010252463700850094,-0.0003157358373240517,-0.006296040959916291,-0.002823191507401584,0.00632527496932789,-0.00025817197533276016,-0.010597383966189462,
0.03102542214160408,0.0022074870854335176,0.018020049929150142,-0.0005907663366479827,-0.013658965531403984,-0.009057062779203649,0.016739561677998574,-0.0003975927392719515,0.022767868030450562,-0.020742270132961486,6.661578779035348e-05,0.028381615309440486,0.019658415300892036,-0.03644994116345667,0.020210316867724877,-0.018145842577841204,0.1400035710535805,0.015426344001737086,-0.23902580571260054,-0.11860264371794257,0.309346929560385,-0.0007222055914697472,0.0003369890530958137,0.014818087010654454,0.0539946355985502,-0.18278808661985294,0.08783899233261701,0.193156227758512,-0.015598266714172221,0.02498929492544553,-0.2362222449900469,-0.18589216818253881,1.753510022311221,-0.06054690724165214,-1.7728489155033196,-0.011519931351043153,0.018028658828685987,-0.1203335881518014,0.08911260345199867,-0.05970391486808106,0.6242753017764482,-0.11152676523707955,0.019668251192663574,-0.03207530601172636,0.3069189323638414,0.19549966165834867,-1.770338655408932,-0.11191838423513835,7.588497876343642,-0.0018479025495250654,-0.004411819668398823,-0.015926347134495214,0.044793919318065256,-0.3373770940573593,0.09816200685992657,0.2999806374426896,0.013449443205765448,0.0054983197577062265,0.06408887423264156,0.021677651071460077,0.011115570258977983,0.011574430608921457,0.03221317043437496,-0.028155417122972395,-0.0014147656096062087,0.03590404109006976,0.0036760949566777405,-0.0960807994707744,-0.08955792547372479,0.13500849877657808,-0.0013306000481674504,6.683867838706984e-05,-0.005845141844381938,0.0033581444203765803,0.0066655759908878,0.01009198040146267,-0.007207140700274884,-0.0027269265658960143,0.00034184270823783255,0.002554621039978694,-0.002213753980480304,0.007010807119038757,-0.014562441786286044,-0.00201961616717967,-0.0009819655752632643,-0.00026307694755344456,-0.004907777515000119,-0.003975774084061338,0.005299346539854605,-0.0065489204645123,-0.008380038281431587,
0.030240656658638992,-8.498531161975614e-05,0.019116531221246326,-0.00033769062597068536,-0.015425834088361996,-0.009313567402057164,0.01897527103296954,-0.0014435780761134667,0.023922070313063534,-0.02263356859373863,-2.2408738893093107e-05,0.030618702314556264,0.0207721346494418,-0.03942242293671543,0.020175436441309928,-0.020979827821717898,0.14185669403509757,0.015947184283474837,-0.23655754754002153,-0.11792513504905397,0.30910582398700787,-0.0001598154856706517,-0.00011211251429092103,0.017401356584481602,0.052833550751671086,-0.1881854258742387,0.08282915821577096,0.199550233030356,-0.01659342574322445,0.028771298220461875,-0.23750615980260414,-0.18579156519832624,1.7433539114358163,-0.055749971326415695,-1.77117885893656,-0.010258177852382106,0.019104374112785906,-0.11652382299708511,0.0861459356634459,-0.06657018089479834,0.612112507206943,-0.1037801257560592,0.020772007585645333,-0.036946517679840196,0.3111372312784417,0.19576097181069696,-1.7696359955181344,-0.11753937893149276,7.596918150753949,-0.0015533080585656595,-0.0038973923049984384,-0.029119554193298515,0.03220600084960241,-0.24800101314429202,0.08687051691720325,0.20831207706340882,0.01827944193157795,-0.0016834672103060748,0.09109809010663292,0.02038923751611142,-0.054028684018535666,-0.008433698721923904,0.10256116901776874,-0.02266731712829411,-0.004777000275218077,0.05944836175658266,-0.004533445459661362,-0.12263945283049249,-0.12066452751766205,0.16730889693557313,-0.0014130650611850033,0.0003378180904981188,-0.006772107207900968,0.003361936537159236,0.008282781870299124,0.011250206050468047,-0.009359198057159544,-0.0030804293460799615,0.0008652047490203874,0.000459341259290205,-0.0017554950540729249,0.008409366220373641,-0.010938954893618404,-0.004654703435169181,-0.0005194566507744174,-0.0007594474665443621,-0.0023901516454967477,-0.003517852748908203,-0.0027464157986627716,-0.007985403746446183,0.000379703236307578,
0.029455891175673904,-0.00237745770867303,0.020213012513342506,-8.461491529338807e-05,-0.01719270264532001,-0.00957007202491068,0.021210980387940507,-0.0024895634129549816,0.0250762725956765,-0.024524867054515773,-0.0001114332655765397,0.03285578931967204,0.021885853997991565,-0.0423949047099742,0.02014055601489498,-0.02381381306559459,0.14370981701661462,0.01646802456521259,-0.23408928936744255,-0.11724762638016538,0.3088647184136307,0.00040257462012844377,-0.0005612140816776557,0.019984626158308746,0.051672465904791964,-0.19358276512862443,0.07781932409892492,0.20594423830219996,-0.017588584772276677,0.032553301515478215,-0.2387900746151614,-0.1856909622141137,1.7331978005604116,-0.05095303541117925,-1.7695088023698005,-0.008996424353721057,0.020180089396885825,-0.1127140578423688,0.08317926787489313,-0.07343644692151563,0.5999497126374379,-0.09603348627503885,0.021875763978627092,-0.04181772934795404,0.3153555301930419,0.19602228196304528,-1.768933335627337,-0.12316037362784718,7.605338425164257,-0.0012587135676062535,-0.0033829649415980535,-0.042312761252101816,0.019618082381139563,-0.15862493223122473,0.07557902697447995,0.11664351668412806,0.02310944065739045,-0.008865254178318377,0.11810730598062427,0.019100823960762764,-0.11917293829604932,-0.028441828052769264,0.17290916760116254,-0.017179217133615827,-0.008139234940829946,0.08299268242309556,-0.012742985876000463,-0.14919810619021057,-0.1517711295615993,0.1996092950945682,-0.0014955300742025561,0.0006087975026091678,-0.007699072571419998,0.0033657286539418925,0.009899987749710449,0.012408431699473421,-0.011511255414044203,-0.003433932126263909,0.0013885667898029422,-0.001635938521398284,-0.001297236127665546,0.009807925321708523,-0.007315468000950763,-0.007289790703158692,-5.694772628557043e-05,-0.0012558179855352795,0.00012747422400662383,-0.003059931413755067,-0.010792178137180149,-0.009421887028380066,0.009139444754046743,
0.028671125692708816,-0.004669930105726303,0.02130949380543869,0.00016846079538390929,-0.018959571202278022,-0.009826576647764195,0.02344668974291147,-0.003535548749796497,0.026230474878289473,-0.026416165515292918,-0.0002004577922599863,0.035092876324787824,0.02299957334654133,-0.04536738648323296,0.020105675588480032,-0.026647798309471282,0.1455629399981317,0.016988864846950343,-0.23162103119486355,-0.11657011771127677,0.3086236128402536,0.0009649647259275393,-0.0010103156490643905,0.022567895732135895,0.05051138105791285,-0.1989801043830102,0.07280948998207887,0.21233824357404396,-0.018583743801328906,0.03633530481049456,-0.24007398942771865,-0.1855903592299011,1.723041689685007,-0.04615609949594281,-1.767838745803041,-0.007734670855060009,0.021255804680985743,-0.10890429268765252,0.08021260008634036,-0.08030271294823291,0.5877869180679327,-0.0882868467940185,0.02297952037160885,-0.046688941016067874,0.3195738291076422,0.19628359211539356,-1.7682306757365394,-0.1287813683242016,7.613758699574564,-0.0009641190766468474,-0.0028685375781976686,-0.055505968310905124,0.007030163912676716,-0.06924885131815744,0.06428753703175663,0.024974956304847303,0.027939439383202952,-0.016047041146330678,0.14511652185461563,0.017812410405414106,-0.18431719257356297,-0.04844995738361463,0.24325716618455634,-0.011691117138937543,-0.011501469606441814,0.10653700308960846,-0.02095252629233956,-0.17575675954992867,-0.18287773160553655,0.23190969325356325,-0.001577995087220109,0.0008797769147202169,-0.008626037934939027,0.0033695207707245484,0.011517193629121774,0.013566657348478797,-0.013663312770928865,-0.003787434906447856,0.0019119288305854969,-0.003731218302086773,-0.0008389772012581669,0.011206484423043407,-0.003691981108283122,-0.009924877971148202,0.0004055611982032766,-0.001752188504526197,0.0026451000935099962,-0.002602010078601932,-0.018837940475697524,-0.010858370310313949,0.017899186271785907,