1.000209713719303,-0.013625982630857169,-0.00559370671045443,-0.0015489994981708563,1.481882971702243,0.015791124332525216,0.28674509215888394,-0.12367382194232147,-1.1976519941628048,1.1216488202779988,0.29480784251565945,-0.9716896309129541,1.4969566088822137,0.043247675872288234,-0.7038791790447412,1.5806476516781067,0.051403353137006405,-1.1607200034627425,1.5050368734068487,-0.11952290201752194,-0.0034499993698889836,0.017567429474788874,0.974597823036137,-0.012229900362670479,-0.05542038218094069,-0.14912826202655516,-1.0231764178949705,1.8087318157847496,0.19560960279566228,-2.586170250349965,-1.1774985322393867,0.1675242899350042,-3.6874599668311467,0.8813769741258087,-0.07647347582565286,1.7765496611890705,0.024974692934520815,
1.0002080046007564,-0.013793106202381942,-0.005509590750133221,-0.0014862325966497484,1.4857512679091787,0.015738232765754787,0.2865614906387264,-0.12387688549848527,-1.2008401652258316,1.130164731261867,0.295435176042689,-0.9815571391827262,1.4919478790454295,0.04380978601873427,-0.7180739345921883,1.583482396174388,0.051276486761808265,-1.1544905791748936,1.5060064517001832,-0.08364791943975353,0.042591878786109386,0.030328832259497902,0.9670740517339297,-0.013222891692607295,-0.04590038003938602,-0.05076588904095072,-0.7970427657567116,2.1289777459670396,0.1568333817573828,-2.466877067443023,-1.2521824591960837,0.14052753661150877,-3.5486888868617843,0.7086861240703053,-0.0317165937995356,1.5573560719622332,0.24239457333363382,
1.0002070198676176,-0.013948662104719876,-0.0053196249825679135,-0.0014095100984722144,1.489595731224423,0.01568330148271706,0.2864205652888481,-0.12351155084320647,-1.2020171647681013,1.1371905766034873,0.2960245613175869,-0.9909262090728694,1.4866227728280401,0.04436617799612879,-0.7316120856421184,1.5854544859357096,0.05093989015965219,-1.1463348657404913,1.5024663870182613,-0.07782139123291999,0.09558357966186434,0.03660647629050178,0.9611158288111059,-0.013732820759431353,-0.03523133746957488,0.0913336638197004,-0.29424988556740084,1.756461335405068,0.1473463187244869,-2.342267472535808,-1.3312765543473422,0.13909799434863124,-3.384537762482533,0.49302244033039244,-0.08414915053901836,2.038928358600592,-0.8850161704804522,
1.0002064712775334,-0.01408270667026953,-0.005098097003659282,-0.0013083452130260224,1.4934182947154055,0.015622591743499245,0.28630213662120657,-0.12281714433476218,-1.2029258328337122,1.145446416651062,0.2965643454550518,-0.9999259220811213,1.480936928643983,0.04493712836080556,-0.7447328051585334,1.5868167363440224,0.05112484448645281,-1.1408523884095254,1.5033952993362103,-0.06711006160611074,0.1115142365263108,0.048659894392727665,0.9556408727456491,-0.015177434804454142,-0.02960716691037388,0.17360162711107407,-0.2271670164027494,2.063960011893706,0.13494603436622069,-2.2499282520629595,-1.4214610460142358,0.14273759116919185,-3.2801798791037253,0.34056260207822886,0.046238581700155504,1.3706193327414502,0.23222807948725596,
1.000207236319517,-0.014152372745914688,-0.004786782976101913,-0.0011866818031631382,1.4972207291787618,0.015558227723683205,0.2862175674631792,-0.12194626921310987,-1.2036897142805494,1.154883594682758,0.2969771959204334,-1.0085280769433365,1.4750271382970872,0.045415269740481976,-0.7571504817910668,1.5872478159597807,0.051314607798853246,-1.1354564374198632,1.5041979429275043,-0.034919002139669024,0.15649335046245894,0.05843776880007231,0.9506086158390772,-0.016091004954010113,-0.021142289506833133,0.21771878041307702,-0.1909703617093112,2.35929450792398,0.10321261634540467,-2.1505387155538047,-1.4774475867239505,0.11953534491910359,-3.10441915813337,0.1077699039395892,0.04744082810010897,1.3489877474155394,0.20066089782348748,
1.0002098104921064,-0.014111915875905523,-0.004402063709852861,-0.0010513652317764091,1.5010056216534553,0.015492647718618404,0.28616398825910583,-0.1210528126581411,-1.2039631753640798,1.1644637730193128,0.2971653546015139,-1.0167512988964267,1.468868052488814,0.04568662539468471,-0.7690180290234953,1.586940383418852,0.05135350252313873,-1.1299489670605594,1.5047503301270833,0.020142373012840584,0.19321568927782376,0.06500677064269038,0.9462231186733938,-0.016395001266199995,-0.013394801018351245,0.22336413874219008,-0.06836527088263228,2.3950445841386907,0.047039670270112695,-2.055805488272567,-1.539771452068273,0.06783891355068408,-2.9668868081071005,-0.07685813523218993,0.009723681071370444,1.376867589825942,0.13809679989475582,
1.000213481538291,-0.014000195278431549,-0.00396082030310305,-0.000905989350213958,1.5047764514793518,0.015425845647558988,0.2861324245950894,-0.12005473408963606,-1.2039486821294123,1.1742077136124451,0.29721966476281747,-1.02467337268284,1.462508474679982,0.0458342547817497,-0.7804372222803316,1.5860198459549217,0.051354015513800394,-1.1244742458810864,1.5052854164888285,0.05577424242523738,0.22150150400287677,0.06979300865338389,0.9427074564741226,-0.016700517764854112,-0.007890916004099175,0.2495196421262615,0.0036233086668962296,2.435985148283082,0.013577540325891663,-1.9805184466033774,-1.5898944522080185,0.03690734676624714,-2.8547983142090954,-0.23013436598257736,0.00012824766541600754,1.3686802948682606,0.1337715904363305,
1.0002177129104106,-0.013844566510506716,-0.0034775504901103363,-0.0007522376419338692,1.5085359495886745,0.015357924142579533,0.2861245680546813,-0.11895386661867266,-1.2037563593311482,1.1841286363209613,0.2971678452453435,-1.0322029522915324,1.4557519470710458,0.04591132499454381,-0.7914158629099579,1.5844767685127197,0.05137827156683129,-1.1190519685804377,1.5058373738529627,0.07772533598021615,0.242545535450732,0.0737722763496,0.9398745273306884,-0.016980376244863527,-0.001964135102035957,0.27521686774084936,0.04808069956604545,2.4802306771290565,-0.012954879368494116,-1.8823949021730793,-1.6891319022340425,0.01926755319852884,-2.744660157406568,-0.38576936055050487,0.006064013257724633,1.3555693251621912,0.13798934103355767,
1.000222385400244,-0.01364689462542645,-0.0029552714353024007,-0.0005919508590157409,1.512286458492561,0.01528907747367184,0.2861382932005267,-0.11775347429897297,-1.2033936113052057,1.1941906230522474,0.2970261615987498,-1.039399455052692,1.448670693164271,0.045918632430687015,-0.8019678228418393,1.5823321513844297,0.05142641853488819,-1.1136531554372158,1.5064095567089502,0.0987443639065595,0.2620720328016824,0.07684177683462069,0.9376272259716417,-0.01721166722692367,0.003431286461347787,0.3000980799249229,0.0906870064856351,2.515496682821538,-0.035420911648437185,-1.7991256902898722,-1.7703134766937,0.0018268590358011551,-2.637989982970361,-0.5361542820724604,0.012036742014224751,1.349703285805453,0.1430457139968822,
1.0002271919376071,-0.013418620100057062,-0.0024148305486890384,-0.0004310956846995402,1.5160305263529028,0.015220602633187344,0.28616753860429006,-0.11644954569363297,-1.2028418063505149,1.2043161371039957,0.2968176347150299,-1.046297861026907,1.441244669729481,0.04586742209150495,-0.8122140781496853,1.5797268184803501,0.05148152254962337,-1.1082753587566623,1.5070001089818932,0.11404470936154312,0.2711440911284155,0.07704721121518357,0.9360169650854462,-0.017118710121123804,0.007311350940843835,0.3259821513350004,0.13795123867274342,2.531378512937037,-0.052131720929970246,-1.724601493553737,-1.8565058586974978,-0.012802584795517323,-2.561563826961499,-0.6513332260198866,0.013776003683793996,1.3444491701383827,0.14763806823577177,
1.0002321120763982,-0.013156853754269351,-0.0018598568741791063,-0.00027209136786189114,1.5197701908018366,0.015152936620797492,0.2862100776995929,-0.11503655936245848,-1.2020283050935374,1.2144034390223446,0.29653678799074457,-1.0529087974492322,1.43347298044659,0.045745732700366665,-0.822168247275119,1.5766759803632295,0.05152852675779856,-1.1028782624416713,1.507617682933208,0.130789785928069,0.27838789595007696,0.07606513078868361,0.9349161122334729,-0.016916503097463273,0.010634773825706633,0.3532465827936228,0.2033753142443621,2.5218254795872515,-0.07021168107133582,-1.6527341055813352,-1.9429223207227444,-0.030422347784570893,-2.4885422813584235,-0.7627095292801611,0.011751052043797144,1.3492740787477522,0.15439348782872367,
1.000236998284563,-0.012868207388380348,-0.0012965394829312009,-0.00011782492510360165,1.5235075135533573,0.015086551058501414,0.28626325071710074,-0.11348300855897889,-1.2009052617005298,1.2243448162512618,0.29619630122138585,-1.059241377186754,1.4253440108653395,0.045553125389300494,-0.8319321789708645,1.5733356074949205,0.05155958451012148,-1.0974365562428445,1.5082622244145116,0.1442295670702655,0.2825231042602697,0.0736672535067917,0.934330687880194,-0.016596390574019407,0.013293254376967802,0.3883877008698982,0.2807608482518975,2.4853443072292833,-0.08512169233968309,-1.5831449343804347,-2.0322423953126405,-0.04815182776654305,-2.440982923936372,-0.8350932170772642,0.007764438080730213,1.3604265497067032,0.16113537032592576,
1.000241672211529,-0.012563360049757657,-0.0007296984253385688,2.8698333350099195e-05,1.5272444969380738,0.01502184415725823,0.28632471317360564,-0.11174081328506093,-1.1994828205242096,1.234046338661723,0.29581679013856166,-1.065300380265055,1.416843958087121,0.04530251142271987,-0.8415158588684982,1.5696927805220322,0.05156602426093074,-1.0919084839562416,1.5088854648122199,0.15233057794942956,0.2842332257908259,0.06978502080925492,0.9342458461791447,-0.016176725310795788,0.01536561412622053,0.43554881847948845,0.35561029408004485,2.4253806026153266,-0.09487777070604868,-1.5147507695752374,-2.1250131945545827,-0.06265349164515688,-2.395919974408446,-0.9107067432220922,0.0016099377023154938,1.3820180716507169,0.1558100994270807,
1.0002463708127574,-0.012221556962672927,-0.0001686675242522195,0.00016256898546032636,1.530983110421379,0.014960132973579161,0.28639211554608257,-0.10990501779951768,-1.197905052048465,1.2436943778764178,0.2953562141898912,-1.0711055619061203,1.407968487590253,0.04493413734693719,-0.8509583173491022,1.56576470531096,0.05146694656702107,-1.0863022198022187,1.5094813332932457,0.1708058491030916,0.28125029564104514,0.06351116520225228,0.9346533708262421,-0.01542779591976747,0.016850593119227812,0.4589488713858101,0.394442118936113,2.4120098036736675,-0.11514398716761594,-1.4512954102663593,-2.2188676242170438,-0.09209351894566856,-2.3606146201510025,-0.9820188027680423,-0.024769423477416508,1.4015660385056952,0.1489671202564863,
1.000250856549309,-0.011860432508804412,0.00038035217124817865,0.00028106126879511896,1.5347252702856482,0.014901729714099083,0.286463380924199,-0.1079260769272699,-1.1962022562206496,1.2532864837749513,0.29484828692735143,-1.0766573289975412,1.3986928127157978,0.04448639052491689,-0.860271018793266,1.5615447673328564,0.05128124913335159,-1.0806349567496039,1.5100433796589665,0.1804636058550245,0.27515458039617763,0.055899990513065406,0.9355399660673306,-0.014600814870019395,0.017816344529102406,0.49473521806194654,0.42569895695389404,2.398026474633393,-0.1269818156349466,-1.3879417728552204,-2.318918718613757,-0.1119367055050756,-2.328175361040948,-1.054984494525909,-0.04642435841736949,1.4168157631537424,0.14051159143016637,
1.0002552629004933,-0.011467583201967793,0.0009606395431584567,0.00039204269904965177,1.538471681920725,0.014844528196952332,0.2865459160601448,-0.10575417777800819,-1.1943130496880208,1.2628532391741871,0.29427001141983916,-1.0819085038293088,1.3890757623608547,0.04401528707616896,-0.8690147220535512,1.5564807638121512,0.05104672538196584,-1.074819479923698,1.5105680724569026,0.1963134516283136,0.2907421325447987,0.05195468626586381,0.9366029087692012,-0.014300379286687573,0.020633783986456503,0.5429747873154246,0.4723016331571952,2.3916888498089652,-0.14456887687806874,-1.3127937079419028,-2.404262588735745,-0.11777586218698213,-2.185925815071326,-1.2660008801763052,-0.05863093784643604,1.453869206476444,0.13117319948403178,
1.0002595509647831,-0.011042329413316104,0.001534666527148992,0.0004839748026275488,1.5422248127287113,0.014791369287923323,0.28663319021413014,-0.10346907113499682,-1.1922873566416003,1.272363144294386,0.29361547165531143,-1.0868984345744521,1.379054230143178,0.04338003230050769,-0.8778038785832261,1.551407950853114,0.05068297252069746,-1.0689242200746387,1.5109856138519258,0.21250071750010416,0.2875102557750643,0.04245403047829128,0.9382827019965708,-0.013289727257252476,0.021818538496341203,0.5712766607528429,0.506423261605104,2.3774762800496805,-0.16363494113193372,-1.247482686285855,-2.5053830544191764,-0.1588136939153179,-2.197289132418702,-1.2682032397592784,-0.09093821531709606,1.473814962264815,0.10438534875578351,
1.000263461858041,-0.010601578523037,0.002131905983496443,0.0005634103084769322,1.545985518974538,0.014740421708935185,0.28673102309950277,-0.10098011354829567,-1.1900738144454748,1.2818309209522298,0.2929117980866687,-1.0915845081159203,1.3686454611344956,0.04272265619165077,-0.8861492583362028,1.5456652282766468,0.0502752980108761,-1.0629119368143414,1.511288939989197,0.22022890603281217,0.2990469728530048,0.03606823826395518,0.9401765614566554,-0.012736894747034664,0.02445822134316364,0.6222393966752882,0.5533855490314018,2.366944164460987,-0.17591839216068925,-1.1715183853670406,-2.6021922521705982,-0.16434402721422947,-2.0863449382442028,-1.4356806441167838,-0.10191862745533872,1.5030708150743277,0.07583153431783118,
1.0002669563758952,-0.010148853823471526,0.002728001944112328,0.000622581004915145,1.5497562816051482,0.014693372562029077,0.28683826400941786,-0.09834148326328167,-1.1876759936212042,1.2912048586221916,0.29216274257375724,-1.0959743549278922,1.3577692737104154,0.04196256112270099,-0.8944160428554376,1.5397270261294775,0.04978932819158792,-1.056856423134331,1.5114196022721214,0.2261899385541139,0.2983717401543983,0.02593308872365426,0.942690657652576,-0.011762286726527014,0.02681022747877295,0.6596575712534993,0.5994552060676069,2.343484417490421,-0.18726387822785623,-1.0974617029929432,-2.7190468560200096,-0.19002376723744432,-2.066696129808689,-1.484550536792294,-0.1214924548220453,1.5138784200026028,0.03266557073108778,
1.0002701377536252,-0.009657643392690296,0.003377765652376226,0.0006714729241219186,1.5535383907396794,0.014647546226925564,0.2869668199561392,-0.09553402199778521,-1.1849954459024745,1.3005101383772522,0.2913179131254283,-1.099979029898354,1.3464643931255869,0.04117496647097679,-0.901919106900989,1.5326987041027158,0.04927337849471641,-1.050705694902395,1.5113895609145875,0.2453931156566376,0.32515558712255793,0.02047110529113273,0.9455272836327601,-0.01145658377587851,0.03213898668033283,0.7018653163741149,0.670136929682456,2.326319938765135,-0.2112073620822352,-1.0011687426154758,-2.8262201462071754,-0.19689866293104977,-1.8757660113878385,-1.75708050669046,-0.12898742421787707,1.5376820579840147,-0.007510339383478533,
1.000272845435357,-0.009128581287240227,0.004081299284711236,0.0007082699839068055,1.5573339897689458,0.014603268384930253,0.28711904161879953,-0.0925615154751527,-1.1820069454807478,1.3097501001670215,0.29037388734398584,-1.1035800305336343,1.3346935243271159,0.04028442195124459,-0.9089280410476467,1.5249858279011803,0.048736028127652715,-1.044491234508,1.5111834544723002,0.2642709502128981,0.3519853815094639,0.014102725581226525,0.9488997573165918,-0.011069460498827823,0.038055415665075545,0.7431266306581249,0.7471251054316653,2.309990447442359,-0.23600644536061471,-0.9002501588200488,-2.9427171996177344,-0.2226361299330506,-1.7522335366644146,-1.9282190503838619,-0.1343375917659238,1.5536150985987596,-0.051526610571837876,
1.0002749397030575,-0.00857386254770657,0.004806025004034333,0.0007239891786333092,1.5611450998648622,0.014562816301626176,0.28729051890393353,-0.08943622854145628,-1.178715455447032,1.3189285667457153,0.28934868765369853,-1.1067995773340205,1.3223838534393824,0.03925656958038943,-0.9157411340737776,1.5169482683519562,0.048155245003309526,-1.0382942740503427,1.5107851197090314,0.27704099236764557,0.36249138548038545,0.0034189452373822914,0.9527775239791048,-0.010113020826019316,0.042869321283503466,0.7813217334241066,0.8228725084289342,2.2946166446734315,-0.2562999225718199,-0.8048867000965569,-3.0774177219333674,-0.25696309271379003,-1.7032732565327071,-2.0093898873060243,-0.14519578108579687,1.549240114414327,-0.09958369081719355,
1.000276233855004,-0.007996554990352473,0.005567034039613109,0.0007209772979040394,1.5649736999918893,0.014525509810716925,0.287485669881043,-0.08610769254342064,-1.1750472516845132,1.328051562765252,0.28824541241037116,-1.109603929544959,1.3095186021896017,0.03817210855882179,-0.9220012221037776,1.5080829673929852,0.04761827042203907,-1.0321186569886582,1.5101659694127545,0.2882694345252187,0.38055584103513446,-0.0061525123776978545,0.9571500317567905,-0.009326622727312725,0.04878774427737088,0.8321339995089092,0.91705094062974,2.2807490048841776,-0.2758188108318462,-0.7010880527345869,-3.216312812445181,-0.27111525539190967,-1.5650220074999879,-2.2163252397427455,-0.13424364531761462,1.5439042654211264,-0.15478757406923901,
1.0002768745525965,-0.007339755397542387,0.0063978609868457345,0.0007015836085880171,1.568821845129665,0.014490797768090091,0.2877125859192212,-0.08264463525256582,-1.170852896148909,1.337082619024617,0.2869498527987948,-1.1119716454560227,1.296155925434117,0.036891246718740583,-0.9276035528387068,1.4983127810047672,0.04711452449403076,-1.0259297523946154,1.5093473720836008,0.32792708994003955,0.4154164788146879,-0.01484022727376986,0.9620362844439314,-0.008678010656708314,0.056729009544555405,0.8657643227137028,1.0485888839010375,2.257764064841243,-0.3238899028940814,-0.591928977765953,-3.3406691888711584,-0.3202154600203015,-1.4005826837323125,-2.442546597054523,-0.1259364820020769,1.5472261485107244,-0.20464933228842064,
1.0002764249478737,-0.0066089762620300824,0.007310142551712059,0.0006685421842011082,1.572691789498339,0.01445800552100265,0.287975369383912,-0.07898851886210377,-1.1660318930508706,1.3459823501343795,0.285467968707348,-1.1138641385582977,1.282258721255306,0.03541654590880539,-0.9324828018442798,1.4875694540854627,0.046759089667622857,-1.019751679243097,1.5084386275931,0.36482654955347754,0.4561075380879047,-0.02219639388972118,0.9674860921685182,-0.008198061771860445,0.06569586617269246,0.9140290976155121,1.2052507745096068,2.2249327774406016,-0.3704710228617131,-0.47312327556873174,-3.474301044702746,-0.36867520248379837,-1.219812251393254,-2.685831729826094,-0.08885870660197527,1.5445182878795987,-0.22718612262516186,
1.000274559929118,-0.005786139973472771,0.00831338121673415,0.0006234023808607934,1.57658597657651,0.014427096446745093,0.2882800870908077,-0.07517115303002715,-1.1604810768222373,1.3546781573072244,0.2837554755069771,-1.1152233167635865,1.2677458705487448,0.03369916693821539,-0.9365131780695429,1.4756767897522503,0.04657695646700098,-1.013510853333495,1.5074487362489284,0.4107581706175398,0.501564433174391,-0.028879446884780436,0.9735467695427341,-0.007727268564389537,0.07617942672392866,0.9543414580191552,1.3877040571583343,2.173951793211223,-0.4281233000927136,-0.33979455132222264,-3.6282126766403398,-0.4293447426475003,-1.0075940563157764,-2.973166083303092,-0.045533300155468553,1.5602064774004722,-0.24747283604290748,
1.0002708852885218,-0.004847147368675799,0.00941332716716824,0.0005664923429964075,1.5805069812149668,0.01439819442628882,0.28863156231620396,-0.07125007947868695,-1.1541205853975798,1.363058794518142,0.2817583732878276,-1.1160350406409179,1.2526031418273746,0.03169958439191806,-0.9396320718063419,1.4625088683366656,0.046573187143831976,-1.00710119162402,1.5064480573534058,0.4687294704742162,0.5499086534891577,-0.03552384072628347,0.9802511596142104,-0.007225505114068008,0.08786880634906744,0.9802683878350533,1.5901228561643919,2.095159302729386,-0.4992755547873758,-0.20293096933285365,-3.7856821803425276,-0.49989563657433134,-0.7797234341997328,-3.2919803538961365,-0.0009423307922521282,1.6024154273687619,-0.25016972388063974,
1.0002661834053426,-0.003790045567457494,0.010463303583867723,0.00046642662368912794,1.5844560705557647,0.014380578679847378,0.2890095267555934,-0.06751209958036171,-1.1471324378030696,1.370790381807339,0.27945108531981505,-1.116377285602027,1.2364955853982615,0.029301687973625215,-0.9431878298765977,1.4498157068268547,0.04651892817337734,-1.0006821387158313,1.5054642954844624,0.5275691315493832,0.5248660491698947,-0.05752756021160816,0.9872723351994855,-0.00440393661036065,0.09449110984736105,0.9344949745813081,1.7470368986275142,1.93289682229927,-0.5768219920031397,-0.08556124027732187,-4.026889107278271,-0.5994741045732122,-0.8889395175639465,-3.173290377452751,-0.013564742613658864,1.6047632270471708,-0.24594046723584467,
1.0002606308457107,-0.0025061876485823046,0.011465836590744226,0.00031658621033651437,1.588434836692324,0.014377119939520374,0.28941944887628973,-0.06425240146147974,-1.1398000796366858,1.3783087167575712,0.2766052421254101,-1.1162312369112095,1.2193830327731208,0.02630572019051739,-0.9465181119914811,1.436509282353956,0.04610757377596348,-0.9940772835733596,1.504447080483623,0.6406510035065137,0.5011154605886455,-0.08350055658499357,0.9946915341398264,-0.0008646850817509256,0.102480530174089,0.8149245297204897,1.8330895415959358,1.8795837375580293,-0.7114607986012416,0.03651217270439658,-4.278138156285221,-0.7489919457769555,-0.8325705287208488,-3.3266061182246727,-0.10283859935346572,1.6512137856179405,-0.25430375020982576,
1.0002533914728375,-0.0010616462850678067,0.012418392294219982,0.00012612737960065573,1.5924448051893791,0.014387159641149946,0.28986391914562465,-0.061285003900279716,-1.132184023161357,1.385632077373734,0.2733418626681948,-1.1155189352658668,1.2011324710091125,0.022883147636099624,-0.9495510449499251,1.4224872221479716,0.04542545867343432,-0.9872885679914822,1.5035367111031046,0.7207320987779257,0.4761196385744495,-0.10465917958517722,1.0024921242637987,0.0025099254073928656,0.11111756733372503,0.7418493903000064,1.9040141188322286,1.830840154040748,-0.8158448643038131,0.17807541133567845,-4.562640441002048,-0.855643138604442,-0.7582332396110117,-3.505515051496115,-0.17052877563229013,1.697178895469338,-0.2275923451295838,
1.000243044524141,0.00038111503161359153,0.013377141576822767,-7.091140904554009e-05,1.5964907347177497,0.014403441987295207,0.2903593864149006,-0.05812612864315614,-1.1241896162486422,1.392813033219669,0.26999880121305475,-1.1141023446673803,1.1817001796991211,0.01953252702879538,-0.9516399468123574,1.4069262913432592,0.044873346384942774,-0.9801779868371439,1.5028744269003471,0.7197973882973865,0.4792294012024421,-0.10793954181733317,1.0114823820926686,0.004070586536315508,0.12386681731898602,0.7897188142808952,1.9986017281786865,1.795238961483776,-0.8357653637850149,0.35414764962162404,-4.858072827497839,-0.8376551518260611,-0.5222254656080717,-3.890232701178119,-0.13802807212288595,1.7776452885845826,-0.1655710506893701,
1.0002303609774037,0.0017855211433039692,0.014284366062893255,-0.0002869377483524177,1.6005716231481892,0.01443122955914159,0.29090187884207375,-0.05468334915525119,-1.115763851433689,1.3999056771487224,0.2666377098840391,-1.1119615428304246,1.1608863097734565,0.01608557345798274,-0.953845557359682,1.3913214891895505,0.04453044854134613,-0.9726870264133142,1.5025221159059379,0.7004973949095249,0.45349700982799157,-0.11718250738535665,1.0202221076098799,0.006946892961595548,0.13562310679328501,0.8606948719762358,2.1064412037383016,1.7731609822633134,-0.840272832253907,0.535200459238945,-5.20346748141612,-0.8617383927031602,-0.5514026368311538,-3.9012005384271613,-0.08572446089916101,1.8727401059574111,-0.08807774860230935,
1.0002169685335132,0.003340483354281683,0.015022166805598763,-0.0005660756185531905,1.6046895627333069,0.014483085741850222,0.2914873468839215,-0.05161918796502968,-1.1067934459117155,1.4067625282485368,0.26277462862562434,-1.1090013772141833,1.1381058470954022,0.00948655504614421,-0.9650373152079484,1.3908605783017236,0.043825881053919685,-0.9647918269602572,1.5023422988595028,0.7752664141066,0.368860685892939,-0.14994997317977288,1.0294848962794194,0.012964045677158073,0.14636701046194328,0.7660402975553784,2.242601380493366,1.7142127749536094,-0.9657703146036983,0.7400414040602966,-5.695115669513609,-1.6497546029596326,-2.7979394620666196,-0.11522772195673606,-0.17614187185661007,1.973799863264233,-0.044954261608777836,
1.0002012850801165,0.005319845808469858,0.015613664410062816,-0.0009004005684407284,1.6088514659141528,0.014560038599336873,0.2921406061698243,-0.04987085285845223,-1.097055405435731,1.4131711010219161,0.25786314439939173,-1.1052612717889811,1.1134475787774234,-0.001007209992918345,-0.9778037913138943,1.3927821295765024,0.042000476915891545,-0.9563945763158233,1.5020909783143086,0.9869160776299855,0.29573046592982793,-0.18096094735489054,1.0404757952114816,0.019238214371662853,0.16331482147568754,0.4370837766443607,2.4345101189960645,1.6021431933448202,-1.2278710565581592,0.9350263563005301,-6.164567079494697,-2.623441259765639,-3.191619026486449,0.4803878186946918,-0.4563510345070345,2.0993126611084967,-0.06283013629853434,
1.0001820821865717,0.007544665635177349,0.016064942142830885,-0.001261308043696957,1.613053801827937,0.014656876818393607,0.2928431511018614,-0.049143415527254396,-1.0866652218042103,1.419126829348351,0.25247023272759117,-1.1012715756087128,1.0880208788081687,-0.015429242719002536,-0.9906421157264035,1.3971387844864651,0.03909672817525665,-0.9476421325891121,1.5016591201747898,1.1093211682811976,0.2256401475538952,-0.1965343758418616,1.05058397844606,0.024209554764183502,0.17563623300927575,0.18185933279946007,2.5975459078802032,1.4889320816087006,-1.3482279179501373,0.9974240450670815,-6.356674992313664,-3.6055081815210475,-3.2095811031273143,1.0891637274906707,-0.7259371851587243,2.1881109316777785,-0.10796453487970512,
1.000168711218507,0.00899960068100018,0.016191879768467688,-0.0015444733088623751,1.617320843419266,0.014759970046358204,0.29363513712869405,-0.04766837312458834,-1.0766413068781224,1.4250369587028857,0.24720222686597443,-1.091180071715333,1.0488584985100833,-0.028833626178854696,-0.9988499030761442,1.3985990020182435,0.03712043698371021,-0.9394704348464257,1.501452593731188,0.7249624092863093,0.06369504113367515,-0.15272074622824042,1.066760397832245,0.025773306991149294,0.19799650670816873,0.36876060066651395,2.5059787315219544,1.4775323386336614,-1.3170014654041828,2.52287597334492,-9.790595074521342,-3.3510958649630407,-2.051946837435185,0.365054382944575,-0.49407279788660924,2.042924435671612,-0.05163161090043671,
1.000165017225368,0.009875766378488625,0.01591411827426747,-0.0017432178684949802,1.6216703993188863,0.014874720967966763,0.29452776190824964,-0.04666151973705679,-1.067398532007167,1.4307208268138611,0.242963264418141,-1.0798027108486665,1.0062112697662857,-0.04087759236384306,-1.0009908851711173,1.390754565621285,0.03508976697147358,-0.931847251666685,1.5006660913869816,0.43605203266290604,-0.1385619292833255,-0.10766162021198275,1.0873889749050616,0.028687730402139615,0.2231561948888979,0.251713346882888,2.3106937177388303,1.4209670277438584,-1.059740611958357,2.844340216666642,-10.661807185949401,-3.01099154624709,-0.5352455237432878,-1.9611090992396134,-0.5076675030591584,1.9057957949351583,-0.19662558605160063,
1.000176006251521,0.009680690122856224,0.015334202781978817,-0.0018376017841837077,1.6260543195105808,0.01499666732938924,0.29541096249519494,-0.044462279954054856,-1.0587123722627674,1.4358183563599003,0.24191208623231109,-1.0718260078699944,0.9707600232088068,-0.04743190909230939,-1.001694787374076,1.3884845202388905,0.033875235884050656,-0.9248120969650365,1.4994226578933152,-0.0987973971452095,-0.28925912599730286,-0.04846834182091479,1.0959800479236237,0.030486590355619105,0.22080014673631787,0.5498099457504824,2.1715399360999057,1.2743823865097736,-0.2627945464574796,1.9941757446680453,-8.862811639369722,-1.6385791821165827,-0.17597555073967824,-0.567511345598617,-0.3036327718557304,1.7587886754121378,-0.3108583734165862,
1.0001838690012876,0.009590294746459258,0.014870711469085033,-0.0019019387631631329,1.6304090515119993,0.015132900125990867,0.2961436353006679,-0.04235643429403157,-1.0496179132360617,1.440700608295919,0.24149132013882535,-1.0708084704104988,0.9463038185854413,-0.051701865870920065,-1.0008004922117428,1.3909946001811446,0.0313340998062838,-0.9175877549213648,1.4981169110030592,-0.046131269649871194,-0.2312939926811423,-0.033694258316631545,1.0886830003546653,0.034058199150406865,0.1831682013682424,0.5264614150058214,2.273614756676431,1.2205629840047065,-0.105191523371437,0.25438436487388844,-6.114051155841372,-1.0674891946526681,0.22357379058330007,0.6275199855635432,-0.6352840194417135,1.8060855109179303,-0.3264367225640018,
1.0001976257974938,0.00920364767175667,0.014192974910480898,-0.001916218176490757,1.6347867619318406,0.015282737256061043,0.29685465898292224,-0.04099306280171504,-1.0404243118926246,1.4447022697158614,0.24093834859436963,-1.0634020109524378,0.9110955586392356,-0.05329595721229982,-0.9986764614884613,1.394490999003035,0.028593020744494987,-0.9106808312519599,1.4960809565312572,-0.1940429060938367,-0.3383651006790091,-0.007497793030378618,1.0944276049603348,0.03745928251754425,0.17775592056358547,0.3408428730791333,2.2984003358592537,1.0004153549856005,-0.13824288611392566,1.8516148645152426,-8.802064986551414,-0.39852283534494,0.5310076808203814,0.8740997054725758,-0.6852697654472039,1.7267309173512226,-0.5089886179505273,
1.0002172496208928,0.008490608714118152,0.013277738891578395,-0.001876963577079811,1.6391983528456735,0.015443416408276291,0.2975223629758485,-0.03996762040791894,-1.0312826785723581,1.4478412236960203,0.2410729137283471,-1.055189994164148,0.873541675869914,-0.05251707016600798,-0.9959688385781087,1.3984621248325804,0.02597871511412,-0.9045966647929309,1.4940251168699186,-0.35703396020760203,-0.45703206310466604,0.020484263442478903,1.1028977284582182,0.040169788053811835,0.16692599823156057,0.2563605984490249,2.2854083300666073,0.784738495039714,0.03364128349436748,2.0530041970724566,-9.388470692330408,0.19472176157296117,0.6769057275881557,0.9927814573863586,-0.653576407593746,1.5210416147572394,-0.5139599153346689,
1.0002305215879348,0.00804492902844136,0.012572663687050439,-0.0018082600146014963,1.643586639762038,0.015618942907185795,0.2979970924602203,-0.03877190001292469,-1.022927088673719,1.4534957747789377,0.2424084612587195,-1.0689656117150286,0.8732226546330859,-0.05076079278410769,-0.9923696202122034,1.403055983862238,0.023458577845053168,-0.8989207685420563,1.492767981798411,-0.22299710631034317,-0.3523338445824619,0.034313695141971974,1.0970717290911496,0.04388162472737599,0.11868237109295547,0.29893009874856213,2.088897474659798,1.4136377707293195,0.3338868825931006,-3.443904387720148,-0.07975530920704585,0.4390693454750732,0.8998045914763186,1.148464757414432,-0.6300343172667083,1.4189740627186598,-0.3142837678769053,
1.0002423966752214,0.007626276602657602,0.011905868901700204,-0.001738353523203196,1.6479599543010117,0.015806013002041843,0.2983687792942199,-0.03755346850019808,-1.0137343686909481,1.4581303772263727,0.24235440409841288,-1.0723548611801064,0.8540276311659922,-0.047808812609062584,-0.9886518046053325,1.4079707901111072,0.02125850269980759,-0.8933612685499178,1.4908854461689813,-0.20944172824879567,-0.33322260200250703,0.03489768925593162,1.0933286347434523,0.046767523714012105,0.09292170849989394,0.30460787818165225,2.298179995692696,1.1586506118587745,-0.01351429007665526,-0.8473123662694564,-4.798755866773408,0.737995043761275,0.9294539017177305,1.2287015622172772,-0.5500187863113943,1.3898749980346,-0.4706339073574242,
1.00025074361143,0.007279151271141782,0.01143755073595477,-0.0016658993319524002,1.6523076997608657,0.015998162547679,0.2985670315661028,-0.035757036997836195,-1.004619968782136,1.4634772070690452,0.24332162294898596,-1.0878438687103442,0.8601947311247948,-0.04459702134907955,-0.9846396334064167,1.4130287676822144,0.019501128874639017,-0.8895088600867505,1.4917223531736832,-0.17349297535278613,-0.23407909979012106,0.03649868112445894,1.086936364963477,0.04803738640928901,0.04956306797073254,0.44910787559047116,2.2785999772030383,1.336707460668134,0.24180471264327041,-3.8722518825594654,1.5417749897006523,0.802947814995759,1.0030427997289668,1.2644943927768058,-0.4393434562921432,0.9631021157918292,0.2092267511754769,
1.000256692577392,0.006902341308210347,0.011165832751527827,-0.0016059841427474948,1.6566244560510146,0.016192640789276697,0.298620592750508,-0.03329735742060865,-0.99506124076535,1.468507725815763,0.24281776908396352,-1.1022017823526171,0.8722323826792445,-0.04110271702011176,-0.9805868091837805,1.418187713201615,0.018282905832199534,-0.8862254482076575,1.4930119523459806,-0.18822803526320447,-0.1357378757592572,0.03111460398665782,1.0791890725372335,0.048619560399424944,0.013390296101297793,0.6149198943068857,2.3896820041965046,1.2576296866794499,-0.12596346625561233,-3.5894784105682036,3.009412888612423,0.8735760822419468,1.0132060556590599,1.2897363798501638,-0.3045557606098708,0.8208529697732375,0.32239979307435135,
1.0002609412246246,0.006467379696386781,0.011061043933713474,-0.0015577707687512625,1.6609125920246546,0.016387246942120133,0.2985373403316576,-0.03036627710173673,-0.985129047673854,1.4729286414545324,0.24068780375262464,-1.112735947831575,0.8873278658924756,-0.03741040527871927,-0.976755530407358,1.4233557987119767,0.017583742487631157,-0.8834352095403831,1.494586935529769,-0.21721674698851046,-0.05221275929345185,0.026164986222782956,1.0720339934100112,0.04865153821085875,-0.02081310471261244,0.7327700797179801,2.483048272873995,1.1052289096923198,-0.5324913328347199,-2.6335413697394565,3.7738708033077595,0.9230779353481234,0.9578196941056255,1.2920213775904474,-0.174790836142094,0.6975596668185919,0.3937457959471054,
1.0002639911013795,0.005993279594310094,0.011068334362885525,-0.0015159629637509632,1.665178446144985,0.01657999495421092,0.2983207021303987,-0.027294315970594518,-0.9751805385416902,1.476125500602985,0.23761987728407213,-1.1196040203052255,0.9031261430686071,-0.03372278409287928,-0.9733502445908856,1.4282137852681533,0.017315593365239444,-0.881589338403694,1.4971581675906396,-0.2367218770744528,0.003860716228462274,0.02354111945175203,1.0664635300825962,0.04818700302269654,-0.05415955031472609,0.7679902827855531,2.4871272830409668,0.7992147871131283,-0.7669816171381267,-1.717018118412645,3.9495692940328606,0.9219052964599985,0.851321454118081,1.2144966390441587,-0.06703728059792868,0.4614677841722843,0.6428080152176499,
1.0002660365978893,0.005511125567528225,0.011149995366292065,-0.0014762496566906752,1.6694280224533995,0.016769790077977513,0.29797341077001166,-0.024420794116363737,-0.9662337327719173,1.4778161170863746,0.23466310719402794,-1.1247378674849717,0.9197715069457031,-0.03039637362136942,-0.9707653737228729,1.432605947995273,0.017451390623421412,-0.880551156949724,1.5002001948412889,-0.2406993193178318,0.04104814478297967,0.022760798437537075,1.062394077103613,0.04744878094164855,-0.08682284009675091,0.7183804635576948,2.2367014424432274,0.42265412084738346,-0.7391925225110448,-1.2834617949365508,4.1613409692740175,0.8316026178774651,0.6462177170031731,1.0980406817799402,0.03394931454549189,0.25954536349250057,0.7605068126623216,
1.0002671194088582,0.005124135067658318,0.011249504198278882,-0.0014356949894220052,1.6736697734071329,0.016956679502026263,0.29750430134448846,-0.02251277919862427,-0.9600125627710333,1.4777226999944693,0.23280280899709388,-1.1294654391263892,0.9356067609981155,-0.02805051623833447,-0.9695182499477153,1.436043599719223,0.017846854632198574,-0.8803528936991878,1.5030619839019606,-0.1931171071920882,0.04990112939912275,0.0226995609607869,1.0604377384333274,0.046722356012187584,-0.11727735638079434,0.47700372943486646,1.5552925002209845,-0.023354272976325436,-0.4650745492335155,-1.1818929103543538,3.9588135131030953,0.5864643457587367,0.3117809437894044,0.8594129309874374,0.09886600219429025,0.04956581263404259,0.7154472651679301,
1.0002670517278458,0.005099761223423417,0.01127100315208395,-0.0014013850488528432,1.6779202518142122,0.017145113313647545,0.29694823492231487,-0.02329310291449224,-0.9595612096348584,1.4773852150231188,0.2323378856058207,-1.129056777783456,0.9348127899953265,-0.027999215600799512,-0.9697912876870971,1.4361357573439366,0.017686302318931715,-0.8806965842516701,1.5033704207656726,-0.011973334420616856,0.01067496433703072,0.017339732540412576,1.0626196017698335,0.04710845290532068,-0.13901660554339604,-0.19508092896699233,0.11283828404374754,-0.08437124283761743,-0.11623084781829404,0.10216533573332784,-0.1984927506972573,0.012825159383740303,-0.0682594348454411,0.023039406178447457,-0.04013807831671443,-0.08592263812056238,0.07710921592800833,