0.05715924509617999,0.002374208538203033,-0.09044013975643318,0.002297733368564262,-0.010973503404058421,-0.00225146697475788,0.07323505766829204,0.0023742085382030325,0.019570448459703755,-0.005602135394325464,0.007120707206406819,-0.004953022552446909,0.0591364512932355,0.005631929607881838,-0.09044013975643315,-0.005602135394325463,0.2336093416902712,-0.0058509501426317525,0.24359204579863217,0.009249292891830943,-0.23749908902760392,0.0022977333685642617,0.007120707206406818,-0.005850950142631752,0.05107742709592677,-0.004967825174535847,-0.05766623825784421,0.005106802240297276,-0.010973503404058386,-0.004953022552446909,0.24359204579863214,-0.004967825174535848,0.948831457747986,0.016484960803527952,-0.5893336997820164,-0.0022514669747578787,0.05913645129323551,0.009249292891830942,-0.05766623825784422,0.01648496080352795,0.6533031629810306,-0.014097567290422911,0.07323505766829203,0.005631929607881837,-0.23749908902760392,0.005106802240297276,-0.5893336997820164,-0.01409756729042291,6.153604375248984,0.0,0.0,0.0,0.0,0.0,0.0,0.0,0.0,0.0,0.0,0.0,0.0,0.0,0.0,0.0,0.0,0.0,0.0,0.0,0.0,0.0,0.0,0.0,0.0,0.0,0.0,0.0,0.0,0.0,0.0,0.0,0.0,0.0,0.0,0.0,0.0,0.0,0.0,0.0,0.0,0.0,0.0,
0.05719895598894205,0.002325133914663162,-0.09041387755570778,0.002335747048866429,-0.010609044245628025,-0.0015478436690191145,0.07297535771025207,0.002325133914663162,0.019609668435797777,-0.005498682959027541,0.0071352863485611715,-0.004889387239788326,0.059270206284409835,0.005376643777895673,-0.09041387755570764,-0.005498682959027534,0.23371417371915962,-0.0061768024063900894,0.24245329532487428,0.007572403589696345,-0.23536037018415798,0.002335747048866426,0.007135286348561174,-0.006176802406390092,0.05095994177400176,-0.006453382166117713,-0.05664598168555721,0.005935561040749175,-0.010609044245627999,-0.004889387239788329,0.24245329532487472,-0.006453382166117717,0.9416571582595824,0.016021080394849133,-0.5785995958577477,-0.001547843669019116,0.05927020628440982,0.0075724035896963604,-0.05664598168555724,0.016021080394849133,0.650512546245857,-0.013346299239524346,0.07297535771025195,0.00537664377789567,-0.2353603701841581,0.005935561040749171,-0.5785995958577473,-0.013346299239524328,6.1429500338678755,0.0,0.0,0.0,0.0,0.0,0.0,0.0,0.0,0.0,0.0,0.0,0.0,0.0,0.0,0.0,0.0,0.0,0.0,0.0,0.0,0.0,0.0,0.0,0.0,0.0,0.0,0.0,0.0,0.0,0.0,0.0,0.0,0.0,0.0,0.0,0.0,0.0,0.0,0.0,0.0,0.0,0.0,
0.057304247826356014,0.0022394864515983457,-0.09042318390997382,0.0023988598739549854,-0.010339199797257432,-0.0005370387884210027,0.07271930071603515,0.002239486451598345,0.019664986505017776,-0.005301291171975218,0.007101992036670903,-0.004814103357473636,0.05949114766337411,0.004985006241085302,-0.09042318390997377,-0.005301291171975218,0.23393526266838086,-0.006629166376560411,0.24174600898349474,0.0053459535987781855,-0.2329855324062626,0.002398859873954984,0.00710199203667091,-0.006629166376560411,0.05080237923279679,-0.008438117907094313,-0.05561668259503122,0.007017535819673611,-0.010339199797257493,-0.004814103357473638,0.24174600898349485,-0.008438117907094318,0.9347491860193847,0.015492369594655614,-0.5669307981318995,-0.0005370387884210014,0.0594911476633741,0.005345953598778188,-0.05561668259503123,0.015492369594655608,0.6476112427283207,-0.012445429979942805,0.07271930071603518,0.0049850062410853055,-0.23298553240626277,0.007017535819673617,-0.5669307981318997,-0.012445429979942812,6.130981809930585,0.0,0.0,0.0,0.0,0.0,0.0,0.0,0.0,0.0,0.0,0.0,0.0,0.0,0.0,0.0,0.0,0.0,0.0,0.0,0.0,0.0,0.0,0.0,0.0,0.0,0.0,0.0,0.0,0.0,0.0,0.0,0.0,0.0,0.0,0.0,0.0,0.0,0.0,0.0,0.0,0.0,0.0,
0.05745991458965399,0.0021338748619087215,-0.09045962657069083,0.002476641724533741,-0.010222967194392888,0.0006517870894756324,0.07249920377984974,0.0021338748619087237,0.019732538079072524,-0.005050965732232843,0.007017777313601598,-0.004738610206707209,0.05977365208976465,0.004517034487966096,-0.09045962657069083,-0.005050965732232836,0.23424876517559473,-0.007161290657012971,0.24167419105803153,0.0028293358513773277,-0.2307230678312429,0.002476641724533744,0.007017777313601597,-0.00716129065701298,0.05062874615512899,-0.010715351982100859,-0.0547515232303813,0.008229886525979342,-0.01022296719439285,-0.004738610206707198,0.2416741910580314,-0.010715351982100841,0.9293354149937466,0.014967569116603385,-0.5561339684799632,0.0006517870894756307,0.05977365208976468,0.002829335851377331,-0.054751523230381294,0.014967569116603387,0.6450724196792917,-0.011509409775152602,0.07249920377984984,0.004517034487966095,-0.2307230678312431,0.00822988652597934,-0.5561339684799634,-0.011509409775152593,6.119495653589627,0.0,0.0,0.0,0.0,0.0,0.0,0.0,0.0,0.0,0.0,0.0,0.0,0.0,0.0,0.0,0.0,0.0,0.0,0.0,0.0,0.0,0.0,0.0,0.0,0.0,0.0,0.0,0.0,0.0,0.0,0.0,0.0,0.0,0.0,0.0,0.0,0.0,0.0,0.0,0.0,0.0,0.0,
0.057645394948367956,0.0020170677488609194,-0.09050333404251211,0.0025619715833961137,-0.010232545032124073,0.0019477255446856351,0.07229865989230341,0.0020170677488609173,0.019811781687889128,-0.004770379798761534,0.006891484670119252,-0.00466422615240866,0.0600984152749791,0.004001438212600639,-0.09050333404251201,-0.004770379798761537,0.2346297770976228,-0.0077445138878464315,0.24214359356716397,0.0001600621330111541,-0.22856476648903953,0.0025619715833961106,0.006891484670119258,-0.007744513887846431,0.050448967955021566,-0.013163634228037636,-0.05403273102688787,0.009500006041385305,-0.010232545032123985,-0.0046642261524086626,0.24214359356716386,-0.013163634228037634,0.9252536761159883,0.014450320687109365,-0.5461810997227865,0.0019477255446856323,0.06009841527497908,0.00016006213301116045,-0.05403273102688787,0.014450320687109358,0.6428643139765439,-0.010580432170471044,0.0722986598923034,0.004001438212600642,-0.2285647664890396,0.009500006041385303,-0.5461810997227865,-0.010580432170471046,6.108547662901007,0.0,0.0,0.0,0.0,0.0,0.0,0.0,0.0,0.0,0.0,0.0,0.0,0.0,0.0,0.0,0.0,0.0,0.0,0.0,0.0,0.0,0.0,0.0,0.0,0.0,0.0,0.0,0.0,0.0,0.0,0.0,0.0,0.0,0.0,0.0,0.0,0.0,0.0,0.0,0.0,0.0,0.0,
0.05784030087856335,0.0018935188627357505,-0.09053265447091696,0.0026499274588153,-0.010319593757290363,0.0033035020426502065,0.07209089583106626,0.0018935188627357525,0.01990286838336751,-0.0044709651374538,0.006734333963249509,-0.004589742601893349,0.06044959666263899,0.0034523451858624863,-0.09053265447091695,-0.004470965137453794,0.23505603008814224,-0.008356798274594124,0.2429931364900942,-0.0025624394058711046,-0.22640698282123553,0.0026499274588153003,0.006734333963249512,-0.008356798274594126,0.05026789652094121,-0.015686759207472718,-0.05339229113567926,0.01076960889707481,-0.010319593757290451,-0.004589742601893349,0.2429931364900944,-0.01568675920747273,0.922007094771016,0.013930945076188677,-0.5365608432681573,0.00330350204265021,0.060449596662638966,-0.002562439405871106,-0.05339229113567929,0.013930945076188693,0.6408180389523792,-0.009675323875784412,0.07209089583106625,0.0034523451858624824,-0.22640698282123561,0.010769608897074814,-0.5365608432681571,-0.009675323875784405,6.09773893121451,0.0,0.0,0.0,0.0,0.0,0.0,0.0,0.0,0.0,0.0,0.0,0.0,0.0,0.0,0.0,0.0,0.0,0.0,0.0,0.0,0.0,0.0,0.0,0.0,0.0,0.0,0.0,0.0,0.0,0.0,0.0,0.0,0.0,0.0,0.0,0.0,0.0,0.0,0.0,0.0,0.0,0.0,
0.0580273761143945,0.0017666869893882648,-0.09052933400215915,0.002737102993168012,-0.01045084308984061,0.004691647875578281,0.07185775709355631,0.0017666869893882631,0.020005601513302277,-0.004161809038423234,0.00655484241984411,-0.00451432658830684,0.06081546815200934,0.0028798851092446437,-0.0905293340021591,-0.004161809038423238,0.2355093044307336,-0.008987383849519104,0.24411488702985437,-0.005288330231572338,-0.2241879847570009,0.0027371029931680117,0.00655484241984411,-0.008987383849519106,0.050090443227366846,-0.01823982864393677,-0.05278639414856128,0.01201011219558227,-0.010450843089840582,-0.0045143265883068415,0.2441148870298542,-0.01823982864393676,0.9192868467899817,0.01340198167971574,-0.5269715307423428,0.004691647875578276,0.060815468152009326,-0.0052883302315723255,-0.052786394148561296,0.013401981679715754,0.6388228055730278,-0.008804043186166675,0.07185775709355623,0.0028798851092446463,-0.22418798475700086,0.012010112195582266,-0.5269715307423429,-0.008804043186166672,6.086857564085847,0.0,0.0,0.0,0.0,0.0,0.0,0.0,0.0,0.0,0.0,0.0,0.0,0.0,0.0,0.0,0.0,0.0,0.0,0.0,0.0,0.0,0.0,0.0,0.0,0.0,0.0,0.0,0.0,0.0,0.0,0.0,0.0,0.0,0.0,0.0,0.0,0.0,0.0,0.0,0.0,0.0,0.0,
0.058193782625277655,0.0016401446843919672,-0.09048065974167015,0.00282122297213828,-0.010620185069428705,0.006102629488473588,0.07159489328270696,0.0016401446843919674,0.02011912009977056,-0.0038527739187337175,0.006356971372476665,-0.004437706371070793,0.06118897330065622,0.0022934672746641486,-0.09048065974167024,-0.003852773918733718,0.23597488122710555,-0.009637506910835984,0.24549010573292118,-0.00802092726041223,-0.22193241147442871,0.0028212229721382813,0.006356971372476661,-0.009637506910835984,0.049923854265795306,-0.02083697632394927,-0.052220262330029694,0.013228316152514968,-0.010620185069428805,-0.004437706371070795,0.2454901057329214,-0.020836976323949277,0.9171262048171689,0.0128603605974883,-0.5175426530312328,0.00610262948847359,0.061188973300656216,-0.008020927260412225,-0.05222026233002968,0.012860360597488305,0.6368941601640132,-0.007979246648780995,0.071594893282707,0.0022934672746641495,-0.22193241147442866,0.013228316152514965,-0.5175426530312326,-0.00797924664878099,6.076069566475005,0.0,0.0,0.0,0.0,0.0,0.0,0.0,0.0,0.0,0.0,0.0,0.0,0.0,0.0,0.0,0.0,0.0,0.0,0.0,0.0,0.0,0.0,0.0,0.0,0.0,0.0,0.0,0.0,0.0,0.0,0.0,0.0,0.0,0.0,0.0,0.0,0.0,0.0,0.0,0.0,0.0,0.0,
0.058329126726032354,0.0015158724569390156,-0.09037626846640287,0.0029005893998155933,-0.010831440821886602,0.007525429585126045,0.07130265502510112,0.0015158724569390184,0.02024235224905289,-0.003549067306487276,0.00614230178722445,-0.004359724045338829,0.061565457968257305,0.0016991375989945693,-0.09037626846640286,-0.0035490673064872713,0.2364400383439837,-0.010304686450405281,0.2471326784556011,-0.010749162847417709,-0.2196886135173221,0.002900589399815594,0.0061423017872244525,-0.010304686450405278,0.04977405288373079,-0.02347596506977345,-0.051714843883290326,0.014424516242004578,-0.010831440821886739,-0.004359724045338829,0.2471326784556011,-0.02347596506977346,0.915652289902404,0.012308802970371657,-0.5085128777373611,0.00752542958512604,0.06156545796825726,-0.010749162847417705,-0.051714843883290354,0.01230880297037168,0.6350851984731725,-0.007216472297377834,0.07130265502510116,0.001699137598994568,-0.21968861351732216,0.014424516242004587,-0.5085128777373612,-0.007216472297377829,6.065621172935004,0.0,0.0,0.0,0.0,0.0,0.0,0.0,0.0,0.0,0.0,0.0,0.0,0.0,0.0,0.0,0.0,0.0,0.0,0.0,0.0,0.0,0.0,0.0,0.0,0.0,0.0,0.0,0.0,0.0,0.0,0.0,0.0,0.0,0.0,0.0,0.0,0.0,0.0,0.0,0.0,0.0,0.0,
0.058423157328468575,0.0013949192220691436,-0.09020473870641428,0.002973714713705721,-0.011082209666630947,0.008945998576433285,0.07097792826786423,0.0013949192220691431,0.020374604250206325,-0.0032531718939491487,0.00591264710640066,-0.0042801167707478575,0.06194132655435608,0.0011005002185960012,-0.09020473870641424,-0.003253171893949148,0.23689210186904436,-0.010983115212489127,0.24903779616183658,-0.013448140944568114,-0.21747299061163236,0.0029737147137057244,0.005912647106400654,-0.010983115212489144,0.049644126070704994,-0.026137599236901888,-0.051275949347894374,0.015590140358387508,-0.011082209666631069,-0.004280116770747863,0.249037796161837,-0.02613759923690189,0.9148840250694553,0.011749510478894798,-0.49996031189775586,0.008945998576433287,0.061941326554356115,-0.013448140944568122,-0.05127594934789437,0.011749510478894809,0.6334065974955713,-0.0065243539906164215,0.0709779282678643,0.001100500218596003,-0.21747299061163253,0.015590140358387496,-0.4999603118977555,-0.006524353990616408,6.055601970432921,0.0,0.0,0.0,0.0,0.0,0.0,0.0,0.0,0.0,0.0,0.0,0.0,0.0,0.0,0.0,0.0,0.0,0.0,0.0,0.0,0.0,0.0,0.0,0.0,0.0,0.0,0.0,0.0,0.0,0.0,0.0,0.0,0.0,0.0,0.0,0.0,0.0,0.0,0.0,0.0,0.0,0.0,
0.05846569595313757,0.0012784088998088164,-0.0899537915301716,0.003039227162983131,-0.011365328920133984,0.010350204842294286,0.07061515799925291,0.0012784088998088168,0.020515518090477945,-0.0029678072168724612,0.0056701120795899715,-0.004198815408390174,0.06231397982896719,0.0005010009651218069,-0.08995379153017165,-0.0029678072168724625,0.23731840899554302,-0.011667703323961984,0.25118721024264207,-0.016094712076869695,-0.215278546038511,0.00303922716298313,0.005670112079589969,-0.011667703323961977,0.049535510640794096,-0.028804405451589726,-0.05089815256106423,0.016717162773676443,-0.011365328920133944,-0.004198815408390171,0.2511872102426418,-0.028804405451589712,0.9147682930165613,0.011182582118410446,-0.49185114718935635,0.010350204842294297,0.06231397982896718,-0.0160947120768697,-0.05089815256106423,0.01118258211841043,0.6318383879544572,-0.005905756887143828,0.07061515799925294,0.0005010009651218073,-0.21527854603851093,0.016717162773676447,-0.4918511471893565,-0.005905756887143842,6.045995493182952,0.0,0.0,0.0,0.0,0.0,0.0,0.0,0.0,0.0,0.0,0.0,0.0,0.0,0.0,0.0,0.0,0.0,0.0,0.0,0.0,0.0,0.0,0.0,0.0,0.0,0.0,0.0,0.0,0.0,0.0,0.0,0.0,0.0,0.0,0.0,0.0,0.0,0.0,0.0,0.0,0.0,0.0,
0.058447128848538775,0.0011679417972280618,-0.08961126796366262,0.003095803847862043,-0.011673118716887896,0.01172317216531425,0.07020884882260998,0.0011679417972280627,0.02066489040662971,-0.0026970616594759467,0.00541658509474366,-0.004116227182736185,0.0626819733072845,-9.471101226865642e-05,-0.08961126796366255,-0.0026970616594759423,0.23770704041738663,-0.01235457996966206,0.25356316958040137,-0.018668736531452575,-0.2130925741308689,0.003095803847862044,0.005416585094743657,-0.012354579969662067,0.04944886005003363,-0.03146369624295543,-0.05057394630708987,0.017799990448316705,-0.011673118716887877,-0.004116227182736182,0.2535631695804014,-0.03146369624295543,0.9152425059215498,0.010607434159298152,-0.4841258932521767,0.011723172165314244,0.06268197330728449,-0.018668736531452578,-0.050573946307089855,0.010607434159298169,0.6303541848497949,-0.005361442321316207,0.07020884882260994,-9.471101226865668e-05,-0.213092574130869,0.0177999904483167,-0.48412589325217675,-0.00536144232131619,6.03675921493188,0.0,0.0,0.0,0.0,0.0,0.0,0.0,0.0,0.0,0.0,0.0,0.0,0.0,0.0,0.0,0.0,0.0,0.0,0.0,0.0,0.0,0.0,0.0,0.0,0.0,0.0,0.0,0.0,0.0,0.0,0.0,0.0,0.0,0.0,0.0,0.0,0.0,0.0,0.0,0.0,0.0,0.0,
0.058358708480727696,0.0010658945353576963,-0.08916571974931736,0.003142060473544656,-0.01199907950215226,0.01304675693838527,0.06975486742560441,0.0010658945353576976,0.020822571931273615,-0.0024472342117292873,0.005153567066480485,-0.004033488595906942,0.06304521139703119,-0.0006795783973411098,-0.08916571974931749,-0.0024472342117292894,0.2380474823268179,-0.01304024243886806,0.2561541615746428,-0.02114898671892741,-0.2109048351536017,0.003142060473544661,0.005153567066480483,-0.013040242438868043,0.049384264921398933,-0.03410435978112298,-0.05029779513294002,0.01883412077671987,-0.011999079502152284,-0.004033488595906938,0.25615416157464244,-0.03410435978112298,0.9162592934483205,0.010023979470867982,-0.4767355074560096,0.013046756938385279,0.0630452113970312,-0.0211489867189274,-0.05029779513294004,0.010023979470867974,0.6289314200560264,-0.004891912385596835,0.06975486742560444,-0.0006795783973411122,-0.21090483515360137,0.018834120776719865,-0.4767355074560097,-0.004891912385596845,6.027857719749299,0.0,0.0,0.0,0.0,0.0,0.0,0.0,0.0,0.0,0.0,0.0,0.0,0.0,0.0,0.0,0.0,0.0,0.0,0.0,0.0,0.0,0.0,0.0,0.0,0.0,0.0,0.0,0.0,0.0,0.0,0.0,0.0,0.0,0.0,0.0,0.0,0.0,0.0,0.0,0.0,0.0,0.0,
0.05819275811692846,0.0009759504841902075,-0.08860679484938638,0.003176390869802521,-0.012337998663893911,0.014295739982688118,0.0692511921288277,0.0009759504841902073,0.0209884132391612,-0.0022283658779272794,0.004882256445721967,-0.0039528784540769435,0.06340534058981855,-0.0012422087857231355,-0.08860679484938641,-0.0022283658779272773,0.2383312010938764,-0.01372051962407032,0.2589557153350028,-0.02350801432253536,-0.20871036351478642,0.003176390869802515,0.00488225644572196,-0.013720519624070301,0.04934114652266839,-0.036712793368480726,-0.05006719777492482,0.0198143768489165,-0.012337998663893877,-0.003952878454076937,0.2589557153350025,-0.03671279336848072,0.9177903707375726,0.009433376527574887,-0.4696496889596933,0.014295739982688129,0.06340534058981856,-0.023508014322535385,-0.050067197774924806,0.009433376527574866,0.6275535030628638,-0.004498120082957684,0.06925119212882765,-0.0012422087857231383,-0.20871036351478617,0.019814376848916498,-0.4696496889596932,-0.004498120082957719,6.019270764911898,0.0,0.0,0.0,0.0,0.0,0.0,0.0,0.0,0.0,0.0,0.0,0.0,0.0,0.0,0.0,0.0,0.0,0.0,0.0,0.0,0.0,0.0,0.0,0.0,0.0,0.0,0.0,0.0,0.0,0.0,0.0,0.0,0.0,0.0,0.0,0.0,0.0,0.0,0.0,0.0,0.0,0.0,
0.05794297125654004,0.00090405934785151,-0.08792572186738633,0.003196734311275008,-0.012685762101500608,0.015431784043062061,0.06869898223074952,0.0009040593478515099,0.02116220853438517,-0.002057056821970994,0.004603716378295091,-0.003878597929366512,0.06376660634660339,-0.001763458002542837,-0.08792572186738623,-0.002057056821970993,0.238552304154433,-0.014389286880580986,0.2619705992936929,-0.02570545295678076,-0.20651217906544142,0.0031967343112750033,0.004603716378295095,-0.014389286880580991,0.04931792364802239,-0.039268076513556516,-0.049883540959996094,0.02073302116251663,-0.012685762101500585,-0.003878597929366513,0.2619705992936932,-0.03926807651355655,0.9198275913824326,0.008838954906525568,-0.4628619629252233,0.015431784043062068,0.06376660634660342,-0.02570545295678078,-0.04988354095999611,0.008838954906525566,0.6262110409458818,-0.004181938961548724,0.06869898223074948,-0.0017634580025428373,-0.20651217906544164,0.020733021162516643,-0.4628619629252232,-0.004181938961548725,6.010998428524539,0.0,0.0,0.0,0.0,0.0,0.0,0.0,0.0,0.0,0.0,0.0,0.0,0.0,0.0,0.0,0.0,0.0,0.0,0.0,0.0,0.0,0.0,0.0,0.0,0.0,0.0,0.0,0.0,0.0,0.0,0.0,0.0,0.0,0.0,0.0,0.0,0.0,0.0,0.0,0.0,0.0,0.0,
0.0576050538693874,0.0008600761174416214,-0.08711626535674745,0.00320022210426735,-0.013040545224774193,0.016393406848864794,0.0681050598832424,0.0008600761174416208,0.021343606249901288,-0.0019613847767229165,0.004318879056918326,-0.0038181622335506944,0.06413764556359186,-0.0022104417430315114,-0.08711626535674742,-0.001961384776722921,0.23870849656258816,-0.015036449976408173,0.26521397544842107,-0.027678223728909893,-0.20433082938232303,0.003200222104267349,0.004318879056918329,-0.015036449976408179,0.04931142109143265,-0.04173528891248881,-0.049756381503742314,0.021577976311045164,-0.013040545224774257,-0.0038181622335507004,0.2652139754484212,-0.04173528891248881,0.9224017992642002,0.008248113445452399,-0.45642133813923297,0.016393406848864797,0.06413764556359186,-0.02767822372890988,-0.04975638150374231,0.008248113445452433,0.6249110810917682,-0.00394713465667993,0.06810505988324232,-0.0022104417430315096,-0.20433082938232286,0.021577976311045154,-0.45642133813923275,-0.003947134656679952,6.0030880672770675,0.0,0.0,0.0,0.0,0.0,0.0,0.0,0.0,0.0,0.0,0.0,0.0,0.0,0.0,0.0,0.0,0.0,0.0,0.0,0.0,0.0,0.0,0.0,0.0,0.0,0.0,0.0,0.0,0.0,0.0,0.0,0.0,0.0,0.0,0.0,0.0,0.0,0.0,0.0,0.0,0.0,0.0,
0.05717867354438528,0.0008603711961891583,-0.0861776301394459,0.0031825947332595654,-0.01341307925897009,0.01707971883158558,0.0674896753495502,0.0008603711961891578,0.021531881814591466,-0.001989128774577185,0.004027168503447914,-0.0037845420709588288,0.06453558764271076,-0.002526269562215939,-0.08617763013944592,-0.0019891287745771847,0.23880290860292705,-0.015643945136721158,0.2687480222571405,-0.02932761279598826,-0.2022506930283136,0.0031825947332595607,0.004027168503447912,-0.015643945136721155,0.04931615935765154,-0.04405662329878874,-0.04972701510816288,0.02233493087328456,-0.013413079258970001,-0.003784542070958828,0.26874802225714045,-0.04405662329878875,0.9257085325885656,0.007677439350593523,-0.45062113445918,0.01707971883158558,0.06453558764271078,-0.029327612795988237,-0.04972701510816291,0.007677439350593535,0.6237339666053655,-0.003803354269285296,0.06748967534955017,-0.002526269562215938,-0.20225069302831358,0.02233493087328457,-0.45062113445918006,-0.0038033542692852804,5.995787063074278,0.0,0.0,0.0,0.0,0.0,0.0,0.0,0.0,0.0,0.0,0.0,0.0,0.0,0.0,0.0,0.0,0.0,0.0,0.0,0.0,0.0,0.0,0.0,0.0,0.0,0.0,0.0,0.0,0.0,0.0,0.0,0.0,0.0,0.0,0.0,0.0,0.0,0.0,0.0,0.0,0.0,0.0,
0.0566754633922494,0.0009354721550341836,-0.0851191254072597,0.0031203189058526776,-0.013729643435143178,0.017620756025179155,0.06662293882248436,0.0009362670117426601,0.021650567463817435,-0.0022113615476411935,0.004062889411521355,-0.004455783504696339,0.06033643779078132,-0.0028574498093288853,-0.08511629660727515,-0.0022505650497753856,0.23863802488883665,-0.016269288199446303,0.27025692193331274,-0.031055460802110586,-0.1946906993545648,0.00313595998590557,0.0038062389136688927,-0.01636930018995283,0.04856766557937609,-0.04699388427280865,-0.04191221201524653,0.028435846480328382,-0.01375595068603008,-0.0040946961114194805,0.2703520396140169,-0.04760663539078334,0.8989394947587983,0.005119005098104114,-0.37279444126797473,0.017551039845935285,0.061931971892831006,-0.028880520191250557,-0.03206273688478437,-0.012345862245759433,0.3975953251103171,-0.03560346929101119,0.06666580692663451,-0.0034774265229858023,-0.19365306214358272,0.03514201628891424,-0.3809576178266102,-0.1012540073352619,5.735841198638849,0.0005674762224563847,-0.0011288179558685137,-0.012873209453506753,-0.011574696850033652,-0.15820384594508688,0.04709571892372474,0.3153906284361505,-0.0006881369731230914,0.0027147330900783055,0.005989118419448792,-0.011907507858579875,0.11259599398835954,0.21228609416294497,-0.24990552016448592,0.00031411705016667435,-0.0008066559166092513,-0.005738285817470271,-0.0029901087432370045,-0.07770489530731438,-0.012053579747198059,0.17404129918797515,-3.8683478103740526e-05,0.00011172583942301724,0.0006441753039928558,0.00022876490896497458,0.008265058151259693,0.0031601439210981715,-0.0199897698055358,-5.7803634618144936e-05,0.00014632119842815738,0.0010774162047850432,0.0005416303246167378,0.01419955649431138,0.0017282879899525015,-0.029612298442146634,-2.292449888792063e-05,0.000303052847957194,-0.000191492674560013,-0.0018757899891348926,0.0017914702173707333,0.0233064109443791,0.003405045674184648,
0.05614427362828853,0.0010999206056244314,-0.08395914400858652,0.0030841921294916777,-0.013393082511451689,0.017013398783315405,0.06540686832212154,0.001108560515003164,0.021439612501658302,-0.0029599497807870708,0.003361658255257921,-0.00403361371554502,0.05531605143326347,-0.01583244209368373,-0.08395697357078429,-0.0028027887652817256,0.23724356765810128,-0.017515310461309195,0.26613845882060766,-0.028954937911564102,-0.18663723282874892,0.0030921535242584607,0.0032832040169593043,-0.01756239675263721,0.04634734620321326,-0.0477581513826864,-0.03650909199254613,0.017648036739226717,-0.013436341405158354,-0.0030404765426975643,0.26650374969457546,-0.04890217097586866,0.8512685934531686,0.021302234042718606,-0.2608135390083902,0.017151431771769164,0.05521719762391398,-0.0317978154467272,-0.033197771055571215,-0.010708160210149168,0.26107391657183326,-0.22236988967123825,0.06569370059122066,-0.015975362788767832,-0.18985121894941206,0.02421279757983175,-0.289313777735674,-0.26961997305757,4.9249653295466835,0.001255378138249418,0.0014385301823057256,-0.021622616465974707,0.002270200619414712,-0.2530171589357917,0.027356301327783036,0.36393698761644994,-0.0024866839652542094,0.0064293408082992595,0.04283203965973138,0.04775043575751382,0.20124877482584927,0.026048137946950753,-0.24972207732195614,-0.0005815676889264385,-0.0012141175366402457,0.008802710922154474,-0.003561700118906298,-0.01778822799053068,-0.013287095298784912,0.13751793167094983,-0.00021751306704843374,0.0007736650994814289,0.004054614297970999,0.0050088683807675135,0.01682888432950384,-0.0006403404125496013,-0.011577709239578116,-0.00012108735007290762,-0.000165729709865769,0.0020017825195243312,-0.0004497237502627076,0.024474353263719818,-0.0011398485186556184,-0.038952542416725314,-1.1877057359042144e-05,0.0002190042933986564,2.835239311823357e-06,-0.0006310210259063475,0.0008419440091951046,0.010197237292784182,0.002955377767194777,
0.05598041183465115,0.0012171186281599077,-0.08345200776780991,0.0030525177515734908,-0.013495605706785412,0.015612689373514529,0.06552057589039399,0.0012161726065161931,0.021550127895720944,-0.0032912584988264697,0.003166863943686709,-0.003930870226255117,0.054102256483250365,-0.020823459318738684,-0.0834581391617742,-0.0033126349524349665,0.23676373945708482,-0.01759703986659,0.2621938232905819,-0.02572772875088464,-0.184987267970477,0.00303797966006128,0.0031559806724796202,-0.01733162489984056,0.046046922130834604,-0.04565350054208273,-0.038358953778867735,0.016602029855277943,-0.013492795559730167,-0.003916496451775065,0.26186262777531777,-0.04631463863178678,0.7948963194126404,0.021062782207497625,-0.178633095029835,0.015741974190848797,0.054244769731797,-0.027787482255237923,-0.03762174807263975,0.013852022803245382,0.260918702154824,-0.3517805577058545,0.06535842075459028,-0.021704373867409747,-0.1833506763587539,0.013270972027186053,-0.17297789560013754,-0.3437697691116799,4.03401904724266,0.002263285456169484,-0.000502232983850394,-0.03862712794024108,0.01903541399119446,-0.3874954476707763,-0.05862088426524906,0.37060557618878326,-0.0027133973287212414,0.005992617378806386,0.04682053931768341,0.059221369488806415,0.1573941542553767,-0.020215158129609237,-0.1263041722809477,-0.0008024021059577014,0.0026505165988629487,0.016917098125234457,0.007868224702049148,0.03500158625069673,-0.031943053089323346,0.14998003630148582,-0.00026293103797070876,0.0005920115449172676,0.004600816385850911,0.005804825688799976,0.015328326719483927,-0.003101111934584054,-0.009737440514731138,-0.00022098166873631687,5.6159019420130064e-05,0.0037501683402514966,-0.0019085163853364243,0.03750067301412392,0.006345518202272585,-0.037010601866249236,-6.491832368966982e-06,0.00018265130752046532,-1.0244981701811321e-05,-0.0004250627430880144,0.0006094148895837988,0.0070236761954455785,0.003613857283766536,
0.05598135694266426,0.0013634413606488224,-0.08332671497861042,0.0029747142054035495,-0.013280351638491096,0.014157285295354023,0.06571414882749195,0.0013649516973359636,0.02173593128312275,-0.0035997094254701565,0.0031462041727762595,-0.0038606408496131388,0.054532837118707,-0.02112712885473115,-0.0833291871434913,-0.00357615608012791,0.2381876062273637,-0.01681832549953515,0.2630072944236859,-0.023595784509077823,-0.18092492100343094,0.002969032863017398,0.00313499761947522,-0.016711131173182722,0.04616042636633565,-0.04351707514548013,-0.04032612328790937,0.022325459177667307,-0.013281516598347812,-0.00377005601219245,0.26290367632287426,-0.043807424400369326,0.7902178599550979,0.02569674515479852,-0.1884697095784034,0.014243284271373769,0.054586236497815924,-0.025021421317802946,-0.03987642878865967,0.021127358994506403,0.2884487673422886,-0.4492633485104208,0.06568991232108293,-0.021109315635257125,-0.1807200948291937,0.021535124143725427,-0.18824034806985793,-0.4437147218629164,4.333491144407306,0.0026544705337920795,-0.001013273302088373,-0.04457489862184005,0.020301550537459422,-0.4129921657076179,-0.08276397424144306,0.41840176497800047,-0.0029528203685942203,0.005893820927106562,0.05039358099810221,0.05995143769451743,0.16435972412293265,-0.0272747552932996,-0.10145858048487777,-0.0007428024408092148,0.0005404856841544741,0.01321148119966374,0.0049406899840608864,0.05628557693705856,-0.013774196177511553,0.01056594613135653,-0.00028935083426348453,0.0005974219180000815,0.0049284576372525465,0.005782947807248246,0.016100833636369317,-0.0019584024785958675,-0.008676789529056648,-0.00025659180481882505,6.996389886788661e-05,0.004326730014568294,-0.0019234819329814877,0.03982881572858204,0.007062571834534471,-0.04089778744536681,-1.5148434548265147e-05,0.00023346513627126614,0.00013047093861591542,-0.0003935493275633346,0.0013790062713688145,0.007375713754521266,0.0066725561126092375,
0.05613977655017183,0.001559378848092193,-0.08347248449479927,0.002913474920885085,-0.013171774547040393,0.01276067558568436,0.06608796891943056,0.0015610979594847852,0.02185582921123637,-0.0041468134160858525,0.0030598040112940063,-0.004194766337282505,0.05498926062268063,-0.021212510850687705,-0.08347484023658151,-0.004118983294020431,0.23968512552530596,-0.016382008532382024,0.26405853356357156,-0.02216197792731169,-0.1791599031369689,0.002908917829570024,0.003051407058331123,-0.016295439509165746,0.04607790522475574,-0.0416794987558076,-0.04131135423553383,0.023587450627074215,-0.013175874261341543,-0.004101340134058278,0.26400347158733795,-0.04193456005571487,0.7883939316083748,0.023457741876057488,-0.1976304477260235,0.012838408995248848,0.05502268003703875,-0.023467685194169658,-0.04099348471557136,0.01930528918865446,0.30669546850319745,-0.4955448383578638,0.06610258819519925,-0.02109253926327545,-0.17959648007964824,0.023137505983368892,-0.19903424615287496,-0.4893826580485784,4.457888896791103,0.0029421882660613944,-0.0009449053816459607,-0.049262298631369515,0.019914612901626026,-0.4306563456942297,-0.0820783093292558,0.43040389803183815,-0.003222563832116961,0.005690283949004709,0.05381294502718865,0.060957478395074254,0.17187963176211618,-0.02923630154382364,-0.08088104488205235,-0.0006685922237988931,0.0004025619404600363,0.011664572924755963,0.0039945965146144175,0.05290745016943592,-0.00889977874305081,-0.0054943332301837945,-0.00031442904338265047,0.0005817447002823015,0.0052324078801166555,0.005859980440872422,0.016724092278241634,-0.001974737191394431,-0.006407931430147827,-0.0002831100423332966,6.87045086083886e-05,0.004756863681042447,-0.0018920996229189492,0.04145023040026978,0.007220843908044621,-0.042078390476442996,-2.0115857597781167e-05,0.0002726127279147349,0.00015640462234400222,-0.0003794211631441667,0.0012385375106413465,0.008023995411180752,0.009788097291604134,
0.056404800484016325,0.0017777560977218687,-0.08383826397697144,0.0028470334002696908,-0.013395420909169075,0.011456675482375622,0.066470237606373,0.0017801466714778569,0.02196400687497375,-0.004760337622786493,0.0029767537051616287,-0.004571912606701434,0.055437563866799,-0.02060941406024992,-0.08384000821712277,-0.004720847373264328,0.24197534285453137,-0.015830178622115578,0.26842798585097605,-0.021559155977358215,-0.17695291647389705,0.0028460843295164363,0.0029686936170726696,-0.015804650253313735,0.04599559595512814,-0.039786201939979,-0.04184455321231164,0.024352622006729274,-0.01340758767553108,-0.004431160177951769,0.26854059955181375,-0.03982772468264441,0.8006072460131466,0.016863364711212112,-0.19495543069274637,0.011513579829004554,0.0554653395194905,-0.02252472382198615,-0.04157959702364601,0.013748991960163263,0.3182614578914592,-0.5071557717778107,0.06660953002262043,-0.02048988667917066,-0.17945468430439832,0.023996790918638107,-0.20424998326245658,-0.5023924213563066,4.4782413365464135,0.0029602242873937486,-0.0007678482425362788,-0.04960618375196658,0.018287095755941153,-0.4316022865100778,-0.07528201788355356,0.45043460874340047,-0.0030627862673679555,0.00537882969298016,0.049865414289644285,0.06090881466125596,0.1567913898451906,-0.029138958378669432,-0.10059798547412216,-0.00032205569885148506,6.3081506952619276e-06,0.005577622530367481,0.0018785366734404751,0.028863446384717797,-0.005253890379492701,-0.03124399696319294,-0.00029829911751620014,0.0005530463593485416,0.004829364145539684,0.005835832196223446,0.015227165716965838,-0.0018625956608332255,-0.008283590184468979,-0.00028322922913542344,5.744117616781775e-05,0.004759329638687202,-0.001746462252330672,0.04141805258583032,0.006805009507894794,-0.04395756306685719,-2.8109283460423663e-05,0.00031565600685360583,0.00020172009515405918,-0.00036211524197848633,0.0012397551314570548,0.008872199787694842,0.01225355349964172,
0.05670923853434863,0.002004566829632017,-0.08415025252090334,0.0027860747610693143,-0.013248078531310555,0.010104043778779768,0.06758453925548374,0.002006350945940745,0.02205635284860613,-0.00538434711149757,0.002872638183468795,-0.004884024709914774,0.05572774254834095,-0.020251374298161873,-0.08415237577569312,-0.0053545807063059645,0.2419629800371484,-0.015312246807493943,0.2650545959576091,-0.02000183572694637,-0.1863639619330609,0.00278399964480896,0.0028673516854007203,-0.015270992275349535,0.04580177825443509,-0.03766274101660463,-0.04227038987323654,0.024920775583666052,-0.013254690532904867,-0.0047897238097097125,0.26505357295001575,-0.037794086125135885,0.7845858714533485,0.013260851563015433,-0.2300409377743125,0.01015692022455798,0.05574118114300766,-0.020900514270908725,-0.042123010716161355,0.0104297145056199,0.3241436682850262,-0.5182106934422857,0.06763719820344068,-0.020090063987452424,-0.18743562660567797,0.024854888659914195,-0.23356497206104399,-0.5137628178455751,4.424160660777564,0.003067833606077012,-0.000669918997642687,-0.05154388165514644,0.016743363593423655,-0.439935625437533,-0.06954195530325348,0.4619647033301424,-0.003196555246629688,0.005424816611138567,0.05097103130290123,0.06317233404147055,0.15719066223277664,-0.03304757485233805,-0.0827303683297188,-0.0013112380599749293,-0.0004924421610935009,0.02267499019717692,-0.001675191373566372,0.08862716644202398,-0.009422129501211678,0.04445372140635508,-0.00031424464178245436,0.0005597477187811102,0.004977229780379945,0.006052389832079402,0.015368821535802548,-0.0021970089590580178,-0.006133020796898742,-0.0002988480360233485,5.4898416739486787e-05,0.005030404464917446,-0.0016214640920226375,0.04255297196619133,0.006484696066019578,-0.04446132154790575,-3.4086748449938716e-05,0.00033523349590161545,0.00021353797625590866,-0.00033336510888622807,0.0011665494801198278,0.009146442539834104,0.013655084753767997,
0.057068342214855725,0.002275915527372937,-0.08471203567747689,0.002757281897164067,-0.013836202772638362,0.009074640591107973,0.06790804338681339,0.0022785583785845625,0.022148525168462763,-0.006197300618813385,0.002780754000752467,-0.005345433385905455,0.056145204960720924,-0.020270718089657684,-0.08471515836354099,-0.006153064338450833,0.24490153700805586,-0.015394511567668358,0.272163113887136,-0.020229471925012326,-0.18110517111782198,0.0027564556253742655,0.0027750237998519054,-0.015372648140797064,0.04582385958813122,-0.037891998316637095,-0.042779017352635465,0.024728985901222123,-0.013852319427165574,-0.005194852185651027,0.27226117821912676,-0.037952156833458706,0.805947301902132,0.007981275127559076,-0.21367106336493366,0.009133405742117958,0.0561601733237384,-0.02123215797240359,-0.042628997186800195,0.004700184281205321,0.3327605153418764,-0.5331081527986362,0.06804654437358969,-0.020079388735995272,-0.1836790115596343,0.024718329997401627,-0.22316292658453174,-0.528685158072699,4.392311786586426,0.0031594902685605137,-0.0003930633773710574,-0.05330082589240172,0.0161183768134421,-0.4447103732824972,-0.0620659955590415,0.46718850484641156,-0.003321210765892363,0.00520496456271996,0.051696497178970714,0.06265087598435906,0.1567872345241188,-0.03515814019206263,-0.08606350367218282,-0.00016769717937210814,-0.00044321856269113847,0.0033182401760081066,-0.0011394968043236782,0.025965028716647416,-0.00519172742513149,-0.04775160353765866,-0.0003247855569971025,0.0005424978047998918,0.005006777971696831,0.006005170663877167,0.015179797557745072,-0.0023148045296756603,-0.00639600491968644,-0.0003041605959461171,3.790653524543885e-05,0.0051296673123029796,-0.001562214459847246,0.042819708889553165,0.006024375933514882,-0.045056698124890826,-4.7554802121112585e-05,0.00036643542575094353,0.00030862100335880995,-0.00033570014314031327,0.0015395768818413584,0.009817607833790869,0.015598610828905603,
0.05743292793961687,0.0025167478470889157,-0.08498537284534437,0.002698216410040756,-0.013519404799466598,0.007849088817767467,0.06982380384892747,0.0025178929351344684,0.022223626032636352,-0.006780536491710581,0.00264023950378951,-0.00528989392970008,0.05636276060435305,-0.02009180518576843,-0.08498708629629895,-0.00676131372580173,0.24209568352662703,-0.01477812606740099,0.26101581928934414,-0.0180444846296603,-0.20246830353422396,0.0026969980429370805,0.0026373114315950564,-0.014753194432678352,0.045704850443682186,-0.0357670922859419,-0.04382783807132059,0.02699173594073669,-0.013525829470076776,-0.005231282943130855,0.26103602653967284,-0.03585128924631875,0.766428353949037,0.009184712679504617,-0.2859121998634571,0.007877414948509295,0.056368229035184694,-0.018528345043447785,-0.04376015568000509,0.007695761147609942,0.33811005669550365,-0.5434909824059881,0.06989549161402135,-0.01994541900293024,-0.20388371548499776,0.027052716684728716,-0.29056938913746344,-0.5404310860685569,4.25368269772331,0.0029455886616544147,-0.0005549711242351872,-0.049638704734258944,0.01439633987781183,-0.4356920154930331,-0.06173899149881358,0.4910601021382061,-0.0032910394533914567,0.005298495224446526,0.04975007286289135,0.06352182502146819,0.14843226135379264,-0.034925016291419975,-0.09075336792860855,-0.0035010118674731797,-0.0023923941936858117,0.06229391252513225,-0.008854788206918617,0.21400192889336792,-0.03388824916828717,0.20082073863539185,-0.00033010784045859405,0.0005500738892739267,0.004950132131154764,0.006088133537665632,0.014808604829829906,-0.0023411905548509685,-0.006284386277029742,-0.00030314439526789517,5.413452316452557e-05,0.005104046306337797,-0.0014358857938281783,0.04301321314574276,0.006105435617620065,-0.04563985488916929,-4.733832328016965e-05,0.00037257854292896127,0.00020719372068988415,-0.0003031971347812881,0.0012379019376295279,0.00977400126000193,0.015797776470147885,
0.057841396190052755,0.002773218225241982,-0.08577653034768573,0.002701177826171085,-0.01487864667420937,0.006868996747478512,0.06961123875516045,0.0027777458239245287,0.022317093775746505,-0.007618170788048937,0.0025175712233504663,-0.005854649754945178,0.05712736001569357,-0.020551643183032625,-0.0857835625950431,-0.0075418205650213625,0.2477945768198655,-0.015157616900826267,0.2783534528725526,-0.01835036293185903,-0.18634126659945918,0.0027010461174451802,0.002513596257527243,-0.015148274823152098,0.04582822699034598,-0.037253488324742345,-0.04528837606635232,0.02642099503022622,-0.01492253278118981,-0.005549674461270007,0.27862317632418,-0.03729035022446557,0.8260801638864345,0.008878658114593319,-0.2358579703101639,0.00695188210198974,0.05713951308603848,-0.01976809712087637,-0.04519618286776473,0.0032602953411929396,0.3594718869674271,-0.567456500988923,0.0699108501241898,-0.02038536370794719,-0.1916647445511709,0.026590741411239734,-0.25744543183258023,-0.5647841321590553,4.302481365833959,0.0030464131476430627,6.158331398868647e-05,-0.05221293156119001,0.014596298792074459,-0.43712529008526446,-0.05033280416704892,0.4911103424380546,-0.003368625164068638,0.005007415738527829,0.05001900591809401,0.06239623209977122,0.14498956171617317,-0.03875667738562796,-0.09836659539761004,0.0002863075487228553,-0.0019272046165054774,-0.0018669182047938292,-0.0040775503710107535,0.0003228244421135697,-0.02757182039055598,-0.0915217399605893,-0.00033175057396187403,0.0005321458328642237,0.004847435290694575,0.00597046063438455,0.013993787895872052,-0.002439266123972204,-0.006777397805008781,-0.00029520483765504247,2.2893151523845497e-06,0.005040360344440972,-0.0014215679887094271,0.04215075902619248,0.005142430899576544,-0.04703994026528886,-7.248451483569998e-05,0.00042251005361347316,0.00044604488169392527,-0.00038740288530905254,0.002337515096633907,0.011018051263144724,0.019940809396879373,
0.05818376212101346,0.0030159002303723776,-0.08616045733853286,0.0026794274747361443,-0.014989991886454862,0.005906551989549946,0.07077915040821028,0.0030184093566043755,0.022400839861991432,-0.008314746895595597,0.0024119703922464313,-0.006252336295316648,0.05744140370678089,-0.020094176423898873,-0.08616519772831088,-0.008272545078351885,0.2476227246187459,-0.015084300674185043,0.2754810694370554,-0.018674828143826108,-0.19536193728289022,0.002678865285432427,0.0024076505665121587,-0.015066427457860949,0.04582268390779363,-0.03701772619299663,-0.046189413684942685,0.027928394423580184,-0.015012148072016823,-0.006115730846962797,0.275596334716624,-0.0370868116808402,0.8111299491937085,0.001929334588813572,-0.27643620049141093,0.005957636518027127,0.057448476138294055,-0.019547731163189426,-0.04609821790748821,-0.0009016444586532066,0.3669319421622278,-0.578036113430922,0.07092085266738332,-0.019833491941500303,-0.1982361176148813,0.028110332124743877,-0.2865050484496451,-0.5731621097063034,4.303259727560958,0.0033153714664166476,-0.00013830634003711382,-0.056545932058001375,0.013984805918192877,-0.46212204999374246,-0.05415041124512696,0.5092805613298635,-0.003690543413247447,0.005132149529340969,0.053895859185338395,0.06255224307475978,0.15662352590023743,-0.037082155559460935,-0.07890326547760623,-0.0007649361972538477,-0.002088071629374478,0.016695772238944747,-0.0051492584348677714,0.06342933073383648,-0.0300447427826678,-0.011867783561336281,-0.0003703960406233734,0.0005513412813151953,0.005324917355005516,0.006009180680268818,0.015545111833838816,-0.002200246317228316,-0.004494585001225555,-0.000330771875769054,3.470438036353851e-05,0.005592026444980686,-0.0013722021690169449,0.04508189360180668,0.005829770541466906,-0.047724313761979616,-8.004808839885152e-05,0.000432205747032394,0.0004499335411507574,-0.0003799662615404936,0.002325464002436199,0.011102550967875236,0.021371122640487863,
0.05848367655372322,0.003235372964221957,-0.08658109589249649,0.002664779345284201,-0.015395778835995702,0.0046853996342746075,0.07118383584244133,0.0032388558795430704,0.022518671585448274,-0.008952211527733565,0.002330434089120179,-0.0064506916132947055,0.058400554997608184,-0.01888164943780624,-0.08658891745130273,-0.00889404348177229,0.2492813239755136,-0.015104358724651297,0.27946451355364177,-0.016858594623503576,-0.19249564264713717,0.00266288692340495,0.002326960502450733,-0.015065958382315694,0.045985929279411565,-0.03740113640336752,-0.04731256131309093,0.03175410625729915,-0.015452221601142745,-0.006144564261188747,0.2797395366816854,-0.037520606346298176,0.8265558045515707,0.010760301857822426,-0.23427394767827034,0.0047613937466302715,0.058433522546599684,-0.01819658942545152,-0.0472558541463812,0.004104722659580755,0.3922476361858552,-0.6010332323842025,0.0715650701373879,-0.01907624747651879,-0.1984802277949719,0.030993394115270453,-0.25452892850410386,-0.6039063270979623,3.4452677621123073,0.002965173541167365,0.0012685983391305512,-0.053311878775989724,0.012877319804088554,-0.4186577766082449,-0.025007625733291152,0.29625806342248107,-0.003720380670794297,0.004315499055892649,0.05462614264183404,0.05792675068859796,0.15473463022284448,-0.0421474361324499,-0.05555907048222558,-0.00021026259353187213,-0.0017931875720820474,0.007282284990265022,-0.002045613330354331,0.03126413013652764,-0.03016685199066308,-0.06472179459941968,-0.0003630340658133891,0.0004326535711063341,0.005304878811690748,0.005545232617484855,0.015181642409224498,-0.0036444018398414783,-0.005291054671565205,-0.00028957770632470045,-0.00012739378355139042,0.005214769497086914,-0.0012388848697082793,0.0408269970190779,0.0023069708430434985,-0.02992647785741788,-7.534234386871349e-05,0.00037542078378034044,0.0003972036225673226,-0.00033174513479510085,0.0016848332143627493,0.009538526017412983,0.023519263697683684,
0.05874970264053647,0.003423568616714879,-0.08686512200308258,0.002644092438560443,-0.01532014604852234,0.0034445898176315706,0.07210073884373991,0.0034249214379367425,0.022627767605507387,-0.009524483942844976,0.0022332754169528527,-0.006879937907282193,0.05904965133913633,-0.019342970929446566,-0.0868687675684356,-0.009502699470745902,0.24948126692807535,-0.014892774836950017,0.2768219575045818,-0.016608739631336033,-0.1966880887761359,0.002644343903899115,0.0022215095427673345,-0.014873082063711822,0.045945480391499066,-0.03690503980628591,-0.04836949582790153,0.03420553234334523,-0.015344842998260338,-0.006765129625603543,0.2769526372225117,-0.036871868562404556,0.809809815525418,0.004116773438040647,-0.2534024309875279,0.0034779574921711466,0.05909585816542726,-0.017248961486425424,-0.04818017649065241,0.0016389072824393124,0.40747531317180036,-0.6416772577465392,0.07227285714265323,-0.01934440642532882,-0.19962701357863172,0.03290430230412394,-0.2599508788351588,-0.638006303709944,3.3516417937374,0.0035553032923308792,0.00013760138840308958,-0.060875303425509716,0.011456970944637265,-0.4542269740558026,-0.04979235420381936,0.3132829783793989,-0.004210779510985423,0.004930030016715247,0.060513594706848244,0.056782657974069305,0.18438871139928142,-0.024478512250736884,-0.0853053394311502,-0.0009537197389745532,-0.0009589259591102088,0.018252598375742005,-0.001719507955098221,0.07557295031291109,-0.012909299195942735,-0.0031725549463695116,-0.00041428885566830966,0.0004830342723140559,0.005954094185351013,0.005431812930131081,0.018240925956528806,-0.0020799515704053237,-0.007089440199688151,-0.00034379440568227957,-2.8013449627568736e-05,0.005924915192283609,-0.0010763201610530493,0.04416168238688999,0.004411451520408548,-0.03214384984716393,-7.398050293042167e-05,0.00034026898826569174,0.0003827455734336487,-0.00028378943734579944,0.0014269747223815215,0.008598563411730622,0.024455473682707157,
0.05903024264526194,0.0036065854403927507,-0.08719643292678712,0.0026360633947689793,-0.015530777748739531,0.0022499956029302885,0.07293758348795534,0.003607923552937959,0.022735088165143455,-0.010080637027403189,0.002133149071726638,-0.0072414709477942405,0.05959160379554502,-0.019389367082217758,-0.08720010230062741,-0.010058736057399476,0.25015776923543537,-0.014863358235698157,0.27730357731348426,-0.015271751314138726,-0.20050193164986133,0.002635776224388318,0.0021275291664868963,-0.014845184674597845,0.04576461341646585,-0.03632654126359734,-0.04848614900031871,0.03425335442950036,-0.015544450272334955,-0.007155033691098362,0.2773004551723664,-0.03635591047476218,0.8069451115727496,0.001804307471310462,-0.26749123563937166,0.002281849833647263,0.05961545904576392,-0.01585321467484528,-0.048385072458542226,-0.00022511846520529685,0.41574413854668596,-0.6613940871672477,0.07299361092241702,-0.019355847125407603,-0.20152674876188015,0.034028419842087806,-0.2705728324369808,-0.6603388870226159,3.3165574157052515,0.003671035583643911,-0.00014853580447597405,-0.06223740951465992,0.01257731450963978,-0.4719180683892243,-0.06110998568526084,0.36407421360191855,-0.004545560784855049,0.004678032708964304,0.06586375856788584,0.059913272584775086,0.1887504665809937,-0.038578817909283414,-0.06294793905974844,-0.001511096395418821,0.0005139813191332806,0.02409260372973443,0.00040905723560374674,0.09424280188131479,0.013087249753097283,0.07226785060813704,-0.0004573282871689129,0.000479156320842019,0.006595499070602439,0.005742939469674469,0.019203945421725283,-0.0029834949046206433,-0.003412342864131498,-0.00034578263351043903,6.249210937596787e-06,0.005884082830239084,-0.001197627127117682,0.04485543987212987,0.005648761515247958,-0.03636506041439659,-7.164484485177957e-05,0.0003010564887354526,0.00037484689189402236,-0.00030578364611582996,0.0015333591279270628,0.007812521094340398,0.02325676019958369,
0.05932996036997336,0.0037836460379885796,-0.0876207060656182,0.002627875429343266,-0.01606115682989968,0.0011031838971839955,0.07358543028659874,0.003785436411049199,0.022840078621376173,-0.010584058982645753,0.002028447440779877,-0.007428244681489357,0.06009146221347317,-0.01892593252187168,-0.08762563511254397,-0.010554433549803682,0.25194598239080856,-0.014763097354120295,0.28206056709164884,-0.013442475698341543,-0.202476222211563,0.002628039696145339,0.002022605608741555,-0.014751258402418834,0.045716465949388344,-0.036012989907826795,-0.049096607486422306,0.03521004786653274,-0.01608374240670609,-0.007302018737001033,0.2821010177950038,-0.03602901166781608,0.8226772264306765,0.004057533260180622,-0.2793534591613385,0.0011374981545787108,0.06011675267288793,-0.014074380064955256,-0.049001683531672904,0.001666691057062614,0.42484527446558107,-0.6701835021345642,0.07368148904722907,-0.01890956564619202,-0.20413242978254895,0.03513403781645821,-0.28498801306737637,-0.6698704415264846,3.346509204933349,0.003561919166198274,-0.0001428144596221133,-0.060462656553854056,0.011137706549851521,-0.46209324508163957,-0.0592411027143507,0.3889537717389332,-0.004696058622559106,0.004735744532358051,0.06734127495584634,0.06010657946799228,0.19376959579536526,-0.03876994763594463,-0.06424779795054607,-0.0003935869753400468,-8.925919954367545e-05,0.006758261110362314,0.00022712589321261455,0.023752710387336663,0.00018385829340273132,0.04473827184115263,-0.000459977168120607,0.000483496652951044,0.006532653413642925,0.005760714931391638,0.018723978950310062,-0.0030244652231439747,-0.003425172435005173,-0.00033857947663207445,-6.149064690606929e-06,0.005808325348470667,-0.0010549366236640612,0.04454848980604453,0.005193000972490123,-0.03955717720043352,-7.873636113932848e-05,0.00029741364153909757,0.0004399280986383025,-0.0003207553064472051,0.002029160343787473,0.007846178219440189,0.02380308184702974,
0.059613575689002135,0.003954737934864397,-0.08796067123008519,0.0026102202588583435,-0.01625562127951848,9.355687959410843e-05,0.07432817314595942,0.00395559284539762,0.02293353129455741,-0.011110604742511574,0.0019361822682967893,-0.007922895277964581,0.060259157747267235,-0.018515713155430154,-0.08796344493766364,-0.01109618701040921,0.2528042565860672,-0.014484055962214306,0.28261614341270636,-0.013465845451645093,-0.2064545818218966,0.0026098536838910892,0.0019339498190345218,-0.01447229777020154,0.04562230154763662,-0.034773500151283464,-0.049229149688280224,0.03613040000335236,-0.016268681732624912,-0.007866268491896061,0.282662860671497,-0.03479666212879494,0.8196309815630217,-0.0040859412090950295,-0.3018291975037417,0.00011499800224464119,0.060264631132474954,-0.013840164262747165,-0.049199257993715224,-0.005338311959396386,0.42566223262135705,-0.6799883046726913,0.07440936255592182,-0.01848724416643036,-0.2078975748393797,0.0360557891259854,-0.3067353402237367,-0.6794765593847959,3.3700904429665144,0.003774452616302822,-0.00037536516961223025,-0.06352010224316247,0.01039778598295557,-0.47594595543076856,-0.06305265305115273,0.4179565676834821,-0.004651696981702986,0.00461373120762125,0.0660973035154919,0.06062426344571943,0.1837132954316626,-0.04398615091440307,-0.05955171226860495,-0.00064759650443545,0.0005406662610367081,0.009187757927844405,-0.0017117956562712924,0.03951982865410344,0.017993758446936743,0.04424134427872174,-0.0004570358213022541,0.0004732781737955957,0.006426409704614292,0.005809883096759622,0.0178878409546279,-0.0034971909777859467,-0.003340722114474217,-0.0003599952657289396,2.367606192816502e-05,0.006098630349903805,-0.000990173016389478,0.04584096982408836,0.005753700611874461,-0.041540667336471666,-8.250427757184602e-05,0.0002925432225949738,0.00045907672318129853,-0.0003040325912957681,0.0019984550801924934,0.007699250386492648,0.02392985037679002,
0.059912453840399574,0.004126457872421735,-0.08832500993260133,0.0026017711145402966,-0.016575720650736342,-0.0009193398759500196,0.07497972104970434,0.004127023695888676,0.023027683445033306,-0.011620391958346228,0.0018265316483709552,-0.008298512516215063,0.060460238768924965,-0.01773575769528193,-0.08832708857259296,-0.011610959612364325,0.25368403629022157,-0.01427828397638186,0.28371769067420133,-0.012837594253802868,-0.20967878957705666,0.0026012369275802264,0.0018247230765541464,-0.014265183105089644,0.04556470801117719,-0.0339246999968491,-0.04972189028802255,0.03706144186844852,-0.01658466391840474,-0.008262674904756582,0.2837449856897362,-0.033954455876339024,0.819149650221122,-0.008172940581896375,-0.3191754862369352,-0.0009022926235708287,0.06046623299875243,-0.013137377959166018,-0.049711452816965256,-0.00910709357299964,0.4281438489287077,-0.6819819210096595,0.07504847387133481,-0.017696431964224924,-0.21094492395158493,0.03696763377206882,-0.32343205610707776,-0.681345096969574,3.3872158585685446,0.0038125468956218835,-0.00014591908687180312,-0.06504946666080721,0.008967659975768302,-0.48234500693156884,-0.055375966331439964,0.4535100660936548,-0.004669185770297621,0.0047084841420568496,0.0652107595818857,0.060696200761561486,0.17784242993286198,-0.04344124763879083,-0.04975279561804771,-0.0007965439528142144,0.0004884077326717742,0.011735835211833136,-0.0036369395716204125,0.05123029852349235,0.02143956004306465,0.041997894267939144,-0.0004576620120424701,0.00047805312351156397,0.006332232210989376,0.005822069692800564,0.01732414637356964,-0.0035554549566836767,-0.002824352110411039,-0.0003649264880672605,1.0252140271710206e-05,0.006240210498330785,-0.0008573789654003145,0.046420580105686816,0.005232070760724614,-0.04417917602363429,-8.208831375962809e-05,0.0002773180306378125,0.000442411875641908,-0.0002687960726948016,0.0018037577443389872,0.007274443540486619,0.023151692885211173,
0.060247027720434054,0.004308983779352851,-0.08874231052336069,0.0025987431494023027,-0.01702687704376497,-0.001845780385256085,0.07569027808785812,0.004309331302500907,0.023116165181786698,-0.012154757630576066,0.0017058643520853705,-0.008693306662245949,0.06057652139492723,-0.016928869829686204,-0.08874389186903366,-0.012148983374706272,0.25460887131501614,-0.014091480904357044,0.28525230382517186,-0.012532461157328268,-0.21318725620969728,0.0025978853565606064,0.001704821283136193,-0.014075708732963745,0.045538543504748286,-0.03311713374149402,-0.050308347935504184,0.03842725453221493,-0.01703281665306707,-0.008672912942028687,0.2852648643980573,-0.03315857142882722,0.8195404510516076,-0.013198905795679255,-0.3377802532483973,-0.0018301996251203585,0.06058007108212264,-0.012800362677617966,-0.0503240264505261,-0.014003869171204735,0.4285697534229814,-0.684892732802037,0.07575789260005651,-0.016887279165434095,-0.21445018315945164,0.03822954109043046,-0.34201852736920163,-0.684026975833192,3.401770838222452,0.003847957315612899,2.3226564812571416e-05,-0.06642031639724538,0.008055337392632473,-0.48973283602673856,-0.05040188165555725,0.48534839611363717,-0.004611607355026129,0.004820488147094211,0.06290541375462905,0.060315024968764355,0.1660158329611467,-0.042967798035241395,-0.03913292571594745,-0.0007997207139559517,9.477730033293284e-05,0.0129153487551019,-0.005959194974083114,0.05863519944468389,0.020197211370688976,0.035205087899716096,-0.00045084228206615463,0.00048516746904320786,0.006097003065223322,0.005796310466214805,0.01615851592444877,-0.0036194210653021264,-0.002187998177775547,-0.000369967578934726,2.546189910554835e-06,0.006370004604391632,-0.000766913775569873,0.047105813919135625,0.004945382261997658,-0.04657405371074102,-8.154914780584924e-05,0.0002612999160763407,0.00043029749386633,-0.00023657897377980867,0.0016925930199863813,0.006833103809638185,0.021936823646897856,
0.0606436365944822,0.004509035485205471,-0.08926835156214892,0.002607638650730125,-0.017718319020390616,-0.002717121920005348,0.0764703099009899,0.00450931324737235,0.023197273514410383,-0.012726338066458745,0.0015727941107942314,-0.009082015296310756,0.06064202634172186,-0.016032496356441852,-0.08926980600421455,-0.01272175125784515,0.255861586831529,-0.014007926552331764,0.288574660879585,-0.012203414462738638,-0.21679263276023636,0.0026064705329599423,0.0015722314124650071,-0.013988374841037755,0.04551470335144504,-0.03265096414244298,-0.05099935655212229,0.040366754963634406,-0.017724028620628503,-0.009064859647376414,0.28858528702372427,-0.0327104547639796,0.8274514862701755,-0.0173797130095278,-0.35682807009200457,-0.0027017173679249025,0.06064506580493881,-0.01246752031310048,-0.051024572963153866,-0.018237406304107723,0.4279246098254621,-0.6882396954620493,0.07655429280727769,-0.016001432711637356,-0.21830565792796688,0.04014174505652622,-0.36236518141438806,-0.6875827408109213,3.4142448925804247,0.0037411298404807754,0.00027096428899774853,-0.06573824488708142,0.007495693692642537,-0.48957778893834825,-0.04451890131258925,0.517223858474811,-0.004583194348218522,0.005020458083703575,0.06067484191525144,0.06062370965507039,0.1522398037122616,-0.044559236727875574,-0.029422612294115736,-0.00030260109897650543,-0.0006347508111008622,0.007041036167009204,-0.007078099737364516,0.036492631925717785,0.008794713874311499,0.013646648259577024,-0.0004470023376506205,0.0005010558512927917,0.005873873112448458,0.0058453972909204965,0.014860107007394962,-0.003913175543664103,-0.0019017302052266934,-0.00036328989671402127,-1.2932551753819133e-05,0.006331704860984798,-0.0007102470590081336,0.04711920724737135,0.004564498200764186,-0.04890156723830988,-7.950353223291822e-05,0.00024171419375792723,0.00040943640165439616,-0.000201275904698226,0.0015803250596911503,0.006289479565077711,0.02017297194635742,
0.06114631662281359,0.004736676180058765,-0.0899350321905142,0.002637032206750539,-0.018574938726889388,-0.0035192598944201467,0.0773518246831767,0.0047368856737899905,0.023270708985797677,-0.013380882944009097,0.0014199251875330146,-0.00957614905795657,0.06073513011503256,-0.014935155152689245,-0.08993620324210312,-0.01337747868413471,0.2569420209522384,-0.014103142754248526,0.29171969820740973,-0.012294722489981856,-0.2206140839510243,0.0026360973643855586,0.0014192436524250987,-0.014087169605992022,0.045570635736973515,-0.03301925604320591,-0.052184110552732664,0.04248480464155597,-0.018580893923127256,-0.009561099035047059,0.29174220665135514,-0.03306991414746343,0.8355895281036653,-0.021715848279467233,-0.3758103217164048,-0.0035075931202696946,0.0607393482040786,-0.012499934976403776,-0.052211150164642686,-0.022429247830580912,0.428893781541309,-0.6883028833813687,0.07742800529166861,-0.014894038400290528,-0.22204059878233617,0.04227852885278608,-0.3813560758111702,-0.6875404207379636,3.4394300970064258,0.0036634987243484084,0.0004224234239800448,-0.06534449983379577,0.0069246729845131106,-0.4922245028834616,-0.040297340329946876,0.5524235583242556,-0.004770264414129316,0.0054020124087375,0.06116040538298112,0.060713649078338955,0.14924989252300905,-0.04406496400441235,-0.01813310135494878,-9.722158512062538e-05,-0.0008143030144666607,0.004245127099757651,-0.008623303192922973,0.026114857763076007,0.011118295736944962,0.029482146769854566,-0.00046634058374430396,0.0005393406509724086,0.005933869240129258,0.005828702164982253,0.014809822701628683,-0.0037631928292734,-0.001028237134681059,-0.000354147992646728,-2.1881824160492618e-05,0.006237214220903185,-0.0006536525493680141,0.046914333363757825,0.004254233969562714,-0.05139124457911568,-8.234129043978627e-05,0.00023284775872983024,0.00042907225070406234,-0.0002296432677994261,0.001851040355807999,0.006194566706752347,0.019248294262115138,
0.06179399557982673,0.005002939357473246,-0.09085509550225716,0.002698089473471523,-0.01994041190181257,-0.004380865425356694,0.07840039106928672,0.0050055990474758005,0.023341397583568485,-0.014132021858913034,0.0012493920854209693,-0.009961339720910017,0.061103674017924006,-0.013495930481346223,-0.09086606871183167,-0.014087837307587673,0.25876303105010956,-0.014524873958745568,0.2993343408634524,-0.010952429944245832,-0.22554346248244558,0.002696828401320531,0.0012444936711201984,-0.01448423753260119,0.04577795500920531,-0.03490352656569609,-0.054339484411697704,0.044730420103495934,-0.019997579133384163,-0.009731830282741655,0.299337971423948,-0.0351099542010502,0.8690715087568927,-0.013422060357155501,-0.3957064907103438,-0.004331733197436334,0.06114171054629119,-0.011924412213859141,-0.054274397524557615,-0.01845056184163893,0.4400495524626618,-0.6814546633399244,0.07859735346419298,-0.013621029839861748,-0.2282943818457578,0.04502178018888299,-0.40941158944822065,-0.6862666064885985,3.457459595097163,0.003400491108911152,0.0008672752334283704,-0.0631837869364892,0.005557299512200585,-0.4843596545202721,-0.02583725652655805,0.5911462192103973,-0.005139785402161806,0.00595291983334776,0.06358413030486136,0.06097897654056676,0.1552839446120929,-0.04369715775117371,-0.012117728733450881,0.0007168885478168775,-0.0012710037633330855,-0.007394144106056293,-0.008218260689487233,-0.028896897880072898,-0.0008074790951925217,0.06572280374933889,-0.0005019936587616479,0.0006009939104472005,0.006116334175313545,0.005746995735637396,0.015105885955606198,-0.0032085860313108665,0.0017587747477657216,-0.00031380080573485604,-8.506218016833753e-05,0.005851190000472677,-0.0005762317860198597,0.045100784777065465,0.002498821869456068,-0.054941934351043,-9.901876835398549e-05,0.0002549056087567623,0.0005406539586717726,-0.0003513067741129527,0.0029360677437995394,0.007141955069496883,0.021001387336111017,
0.06246227255904026,0.005263243309278445,-0.09181091797274019,0.0027336499334233103,-0.02115571185538501,-0.005574521315607208,0.07904611575423941,0.00526600619444598,0.02342500598575914,-0.014789829409339076,0.0011278244731756804,-0.010025950776870135,0.061615165949224525,-0.011698870200922374,-0.09182428745235882,-0.014741714873537289,0.26040079670359517,-0.014567771457228157,0.3053666716584432,-0.008851390921452004,-0.22583424441332003,0.0027288519897087013,0.001129330226542767,-0.014491094144824123,0.046038399642687224,-0.03530672204721533,-0.056139266627414225,0.04597529617782237,-0.02124458810759946,-0.009722455941952085,0.3054290932182559,-0.0358073564036477,0.8991641636002854,-0.0035588258777964283,-0.40217258746124734,-0.0055044043099752625,0.061621153269008515,-0.010107520312444983,-0.05618741782165617,-0.011800537449453056,0.45474754403010365,-0.6594321425022338,0.07937397690931144,-0.012149728278016286,-0.22932842697594333,0.04653733291328028,-0.4245631077070765,-0.6724128155412787,3.586081898984092,0.002550902954567566,0.002169239457224072,-0.05505596567939915,0.005006819583636999,-0.43358308962334025,0.007175484128100309,0.6203831888982512,-0.005178996769157731,0.005971459289330436,0.062179340939726636,0.05894195160977962,0.1482216652258163,-0.04471284534500707,-0.02448597600663585,0.0012174589353558289,-0.002067261565763007,-0.011797554276630496,-0.010982968924369545,-0.03310338535030041,-0.008466303057263865,-0.018328192999152938,-0.0004802640360894965,0.0005543595306035015,0.0057617463691368356,0.0054316549778983874,0.01376575539860856,-0.004033682075383974,-0.0018776835505136206,-0.0002352500990216659,-0.00022035250476796716,0.0051834206921026705,-0.0002862136728124464,0.04027448941486907,-0.001686116569450066,-0.06081972696361349,-0.00011899025616530652,0.00029288611299669784,0.0006195060490998712,-0.0004115909519930937,0.003407229141281054,0.008207842155313363,0.02409290144720277,
0.06307802596220209,0.0055263680491391305,-0.09267647538654111,0.0027502513402903376,-0.022129293218864674,-0.007078361460681436,0.07928925587999637,0.005530014532495365,0.02352477794510102,-0.015511201303575682,0.0010008285927907952,-0.010460870901750456,0.06240349392488918,-0.007692442236875981,-0.09269600508743897,-0.015446742673470026,0.26200128361411296,-0.014186020217086948,0.3109241380668526,-0.007754596378717839,-0.23080996959819944,0.0027391242595839523,0.0010101353469168883,-0.014038790233425372,0.046524033552322,-0.034140344616367876,-0.05923884628865184,0.041420223123067396,-0.02226146000655858,-0.010034129604621111,0.3109636477182474,-0.0350807716048514,0.9263936618527787,-0.0017736138395096958,-0.4260447137537678,-0.006967597958216774,0.062389547570692976,-0.009642435560050254,-0.0594635252221972,-0.014394053630659468,0.4813260895147276,-0.579623507810561,0.07985479531811034,-0.008460804412467222,-0.2366803077750137,0.04210252759311267,-0.4645191889129811,-0.6006690049276373,3.9154322705530196,0.0020179335297709784,0.00305196448160638,-0.05115900198388931,0.0017076689204882916,-0.39769067918401174,0.03824193108938105,0.6822884949457215,-0.0046679546618053,0.005928964260201302,0.051265087499708026,0.04916252477557696,0.1149490946797034,-0.020472829657700656,0.06482448353094467,0.0012707073558663648,-0.0018262553294558738,-0.01300941218866053,-0.012492643498283815,-0.02960782767308288,0.0001251682315162407,-0.025436998569118723,-0.00042761135315617905,0.0005495637993045367,0.004662602425565493,0.004460528535997231,0.010389321797742412,-0.0016227389841357636,0.006782865866259119,-0.00017182366247059987,-0.00031675478441636903,0.004659400477269215,-3.332793746658687e-05,0.036112343243017625,-0.004784476888421956,-0.06631648075825318,-0.00015581092167966132,0.00036593896616264946,0.0007717872156752803,-0.0005168525454806694,0.004092960020800922,0.01027101348681264,0.03002278870742962,
0.06356896105153584,0.005777034737211729,-0.09341174565220968,0.002737600561665641,-0.023190629709453885,-0.009102585555327754,0.07897902611980952,0.0057833979493043695,0.023643653516882003,-0.016174806419154267,0.0009013310298732249,-0.010724185751197062,0.06341525236259166,-0.0027413320571750147,-0.09344857932837111,-0.016062083839424843,0.264249966266649,-0.013416235776072911,0.3205508665288526,-0.004438229969838469,-0.23512394452286228,0.002710171274533614,0.00093285601233197,-0.013113478901339437,0.04720526771410093,-0.03115200694217717,-0.06256705715213937,0.03478781161276779,-0.023414253544910696,-0.010030917932848256,0.32049935927749096,-0.032980777417583415,0.9782930848715875,0.007163257248099031,-0.4523493633289101,-0.008877773630672884,0.06334148857925515,-0.007992519613551156,-0.06335595912448476,-0.014643755870732142,0.517578140846717,-0.4720290481960566,0.08002138749762921,-0.0039712572227068406,-0.24647433951881806,0.0346069465986108,-0.5218449415584908,-0.5024310464957343,4.317943385573897,0.0003545049569487388,0.004844701461271191,-0.033427980152460436,-0.0014531584746988225,-0.2791286788681761,0.09504867463929935,0.7364811867992643,-0.002778496831699293,0.004053114005442084,0.026370929992859154,0.030873721824742732,0.03161606578183221,-0.009525078296542484,0.11753370374168133,0.0009102662358771994,-0.0014660556007331596,-0.007904957043672455,-0.00921192630593412,-0.008198536451544895,-0.0021025613953987578,-0.051806298796113134,-0.0002555674918107342,0.0003965407189802857,0.0022899670882026366,0.002672256586194414,0.002359581880002992,0.0001524435719791464,0.01429897848293084,-4.316187576827127e-05,-0.0003879686034786338,0.0029334936714204137,4.5932502697751955e-05,0.024461231995283262,-0.00724760761415601,-0.06108881411422874,-0.00018304502001513967,0.0004203795759087778,0.0008113236754712228,-0.0005422288418454468,0.0038619556189839754,0.011560077744273643,0.034808275876826666,
0.06394253681701599,0.005966370322062275,-0.09402680941246506,0.0027206814750673695,-0.024367955441865503,-0.012361565176553922,0.07552661374524981,0.0059687728778814375,0.02384941944111982,-0.01659697720121025,0.0007594376441571273,-0.010588666093402456,0.0666386455395076,0.010207827261098791,-0.09404171073490336,-0.016554070785259507,0.26644879501251323,-0.012320176067536565,0.33113110424627806,0.0010250423355926753,-0.23679554467787498,0.002700512479210948,0.0007868943984176199,-0.01213073203283008,0.04801500635129151,-0.028299868307303497,-0.0682527074890722,0.021686854379790305,-0.024421971235938873,-0.010384587290103574,0.33083202727030003,-0.029385082630697144,1.0398196389335665,0.0092030004918538,-0.519853624776058,-0.01224201895720492,0.0665556578386869,-0.0005935685472519679,-0.06892629847847025,0.00097048819161037,0.6144214529599157,-0.16759298493835698,0.07593662951056909,0.009736714807603084,-0.24119910525500288,0.020786219881767175,-0.5434345471805164,-0.17625077667790845,5.494413086714841,-3.0747298236554792e-06,0.0021350784038741736,-0.012714744826826605,0.00019589466950217652,-0.11334645555575025,0.03919268942896863,0.31918118034312093,-4.9712770245099006e-05,0.00033392060256455926,-0.0009276273078453424,0.0070202490770657775,-0.03548005060586087,-0.019066711461258882,0.02517006521060186,6.943485636361683e-05,-0.00024710700156616933,0.00018732055697785337,-0.0025395180125471206,0.012917645963087592,0.004106969160966376,-0.019662342310733764,-1.6789115566936834e-05,6.18496827860937e-05,-5.909669849146116e-05,0.0005860692767969427,-0.0031603936615616037,-0.000851720841019536,0.005195048713261353,-1.7644932968955475e-05,-0.00014990981575937508,0.0012039095273759677,-8.380715014605212e-05,0.010461144898180313,-0.0023459263015913837,-0.025068139102551148,-8.902891650344572e-05,0.00019247255121612175,0.00040261628125075853,-0.0002378782449335177,0.001901456596073758,0.005211802502665416,0.01535465315099309,
0.06414652488840922,0.006160040541697851,-0.09431957427426987,0.002712876715686927,-0.025009194489106268,-0.01499176100611303,0.07388761697570752,0.006159920418235724,0.023969120574414717,-0.017094424781699463,0.0006645326952054634,-0.010864755047077243,0.06795658252352647,0.016979847911547826,-0.09431883633190011,-0.017096501460216396,0.2671633356109051,-0.011661449237683249,0.3366852848572505,0.005351081314991233,-0.24094233782046018,0.0027121999473743888,0.0006656775850094145,-0.011656782650068503,0.04825948004527722,-0.02705360140995749,-0.07193875032563786,0.014557151254235741,-0.025000232391018173,-0.010883857493157834,0.3366476996191292,-0.027075807179128393,1.080321137668065,0.011369512977654763,-0.5754745699819707,-0.014991390488889481,0.06795119391019695,0.0053777792821618825,-0.07196557861244944,0.011712624207884218,0.6623420195562111,-0.025153874477907637,0.07387072582975374,0.016996143868525704,-0.2407504346249947,0.014487967714770211,-0.5740042175286169,-0.02444639458237978,6.079448232791646,2.251989192824274e-05,2.8577476904417786e-05,-0.0005653406448608483,0.0003611459751057664,-0.0056645243850767584,-0.0010434634168531764,0.007116687686795505,1.8780289607089063e-05,2.3621236707097407e-05,-0.00046938058031422434,0.00032475583117654857,-0.0047916647900623065,-0.0009633584737325507,0.005831738739099871,-8.587539222404506e-06,-1.0809643937089077e-05,0.00021472089455296667,-0.0001472465947768828,0.0021871293201779296,0.00043559547111692254,-0.0026715862719908674,1.7196302326192726e-06,2.1633463906204944e-06,-4.298358996687882e-05,2.9687238949325887e-05,-0.00043861191159370535,-8.801583244945934e-05,0.0005342049431854455,-2.102399636678011e-06,-2.6673047142987737e-06,5.277270309902654e-05,-3.378348978087411e-05,0.0005290193312788177,9.768318077611255e-05,-0.0006640971782413254,-1.472617536715165e-07,-1.8363822131630455e-07,3.664912520077599e-06,-2.7240363157649828e-06,3.808359082705352e-05,8.255372974291806e-06,-4.495234995122826e-05,
0.06420751371783018,0.006339934701468829,-0.09437121082683662,0.002681960509702432,-0.025235889599980726,-0.01684925194536957,0.07399363049190993,0.00633993470146884,0.024000861999951092,-0.017569634978086578,0.0006356069357879825,-0.011279088598616562,0.06758959553891698,0.018002390142130436,-0.09437121082683672,-0.017569634978086574,0.2668430506451947,-0.011014638119321385,0.33760097902816466,0.00862126856668386,-0.24313349257103659,0.0026819605097024315,0.0006356069357879784,-0.011014638119321374,0.048256695872654735,-0.024490740975740034,-0.07299843850865108,0.013358843149509185,-0.025235889599980837,-0.011279088598616569,0.3376009790281645,-0.024490740975740038,1.087810733052287,0.012431186256117197,-0.5865082759186689,-0.01684925194536957,0.067589595538917,0.008621268566683845,-0.07299843850865106,0.012431186256117189,0.6649765943410235,-0.02599471470832068,0.07399363049191,0.018002390142130443,-0.24313349257103656,0.013358843149509194,-0.5865082759186693,-0.02599471470832065,6.092064232171226,0.0,0.0,0.0,0.0,0.0,0.0,0.0,0.0,0.0,0.0,0.0,0.0,0.0,0.0,0.0,0.0,0.0,0.0,0.0,0.0,0.0,0.0,0.0,0.0,0.0,0.0,0.0,0.0,0.0,0.0,0.0,0.0,0.0,0.0,0.0,0.0,0.0,0.0,0.0,0.0,0.0,0.0,
0.0641447118137778,0.0064794250684952455,-0.0942598440989953,0.002644335923795966,-0.025269570613242573,-0.018325174278556806,0.07397001599358805,0.00647942506849524,0.024019231495955112,-0.017936610568149672,0.00063955261273736,-0.01155867727568682,0.06724648488985688,0.018775274610111272,-0.09425984409899531,-0.017936610568149686,0.2662267311543023,-0.010471165084320149,0.3375657767466033,0.011248881078680186,-0.244309982292651,0.002644335923795968,0.0006395526127373648,-0.010471165084320142,0.0482449215790383,-0.02227191954869739,-0.07362323151159429,0.01222734671402216,-0.02526957061324255,-0.011558677275686808,0.33756577674660276,-0.022271919548697384,1.091004598572615,0.01305701761980552,-0.5924517165386329,-0.018325174278556823,0.06724648488985686,0.011248881078680207,-0.07362323151159432,0.01305701761980552,0.6666966550946087,-0.026637367027606895,0.07397001599358807,0.018775274610111282,-0.24430998229265077,0.012227346714022154,-0.5924517165386329,-0.02663736702760686,6.097797627683721,0.0,0.0,0.0,0.0,0.0,0.0,0.0,0.0,0.0,0.0,0.0,0.0,0.0,0.0,0.0,0.0,0.0,0.0,0.0,0.0,0.0,0.0,0.0,0.0,0.0,0.0,0.0,0.0,0.0,0.0,0.0,0.0,0.0,0.0,0.0,0.0,0.0,0.0,0.0,0.0,0.0,0.0,
0.06398899662609632,0.00657717552140648,-0.09402619037972541,0.002605830648043489,-0.025181018836602,-0.019362767252940477,0.07386318824274483,0.006577175521406471,0.024027015421781157,-0.01819781780204162,0.0006650088753636431,-0.011730637330368814,0.06696572897312943,0.01930595022975687,-0.09402619037972548,-0.018197817802041657,0.2654497395826015,-0.010074118212590865,0.3370108496071632,0.013088082836882387,-0.24480465383246391,0.002605830648043491,0.0006650088753636447,-0.010074118212590867,0.04823480204806987,-0.02068601610911252,-0.07392767517376639,0.011417689627970917,-0.025181018836601933,-0.01173063733036885,0.33701084960716327,-0.02068601610911251,1.0920980240376403,0.01350298601760885,-0.5957930794890355,-0.01936276725294048,0.06696572897312943,0.01308808283688237,-0.07392767517376636,0.013502986017608814,0.6676747137879225,-0.02689677647639782,0.07386318824274488,0.01930595022975691,-0.24480465383246403,0.011417689627970918,-0.5957930794890358,-0.026896776476397828,6.101273184329441,0.0,0.0,0.0,0.0,0.0,0.0,0.0,0.0,0.0,0.0,0.0,0.0,0.0,0.0,0.0,0.0,0.0,0.0,0.0,0.0,0.0,0.0,0.0,0.0,0.0,0.0,0.0,0.0,0.0,0.0,0.0,0.0,0.0,0.0,0.0,0.0,0.0,0.0,0.0,0.0,0.0,0.0,
0.0637831331353961,0.006636381298070709,-0.0937271705210312,0.002577549938051397,-0.025155676281840893,-0.019939665103560832,0.0737775081995307,0.006636381298070709,0.02402036210051731,-0.018359939497653657,0.0006864669908260882,-0.011842568749142534,0.0667836265194804,0.01964750361569431,-0.09372717052103116,-0.01835993949765365,0.2645794803271567,-0.009852200004835016,0.3366010210306153,0.014031222938851253,-0.2453471384095375,0.0025775499380513984,0.0006864669908260909,-0.009852200004835023,0.048254951923259876,-0.01988146966857735,-0.0742512980211026,0.011015385743696988,-0.025155676281840966,-0.011842568749142537,0.3366010210306155,-0.019881469668577338,1.0936723475855161,0.013752675846234462,-0.5995654673314409,-0.01993966510356083,0.06678362651948042,0.014031222938851262,-0.07425129802110259,0.013752675846234472,0.6687483165283611,-0.027149849028249764,0.07377750819953069,0.019647503615694294,-0.24534713840953737,0.011015385743696971,-0.5995654673314403,-0.027149849028249746,6.105053041395618,0.0,0.0,0.0,0.0,0.0,0.0,0.0,0.0,0.0,0.0,0.0,0.0,0.0,0.0,0.0,0.0,0.0,0.0,0.0,0.0,0.0,0.0,0.0,0.0,0.0,0.0,0.0,0.0,0.0,0.0,0.0,0.0,0.0,0.0,0.0,0.0,0.0,0.0,0.0,0.0,0.0,0.0,
0.06352101268549855,0.006697517972383003,-0.0931720167878423,0.002585468365499745,-0.02406721593266992,-0.01883793480088734,0.07698893275242755,0.006691943411088532,0.023898008814889724,-0.018596807529421316,0.0006729462966767953,-0.01251282965553078,0.0645743498474166,0.012467920734581276,-0.09313075363478987,-0.0186974336159793,0.26105771326889526,-0.010044818839858728,0.3204609800347794,0.00684246611757389,-0.25083390609338185,0.00259582509849821,0.0006669103953336575,-0.010187089464772807,0.047785743406971816,-0.02106017824426792,-0.07352532935406766,0.014356562597268203,-0.023719223345210393,-0.013272009964237686,0.3198006478392459,-0.02002477460675813,0.9838228190190078,-0.02489865306320066,-0.5696191762867647,-0.018976387435998592,0.06453240678847977,0.009652998848367438,-0.07329663714219643,-0.0033893880551524847,0.6139827192349857,-0.20652250451500392,0.07592045238819321,0.01355579330786006,-0.23959882942541122,0.013495635773759593,-0.49184905126975287,-0.1713968317715465,5.380536108706681,0.002719573917353792,-0.0006052157377288206,-0.044687497016909855,-0.002165946459842973,-0.3348760959567861,-0.0345913036565513,0.4159536879119637,-0.0028406407233025547,0.004554515051404889,0.018536423730865437,0.01605919509412296,0.03757636395401329,0.04623229889688257,0.22227961738121546,0.0013941236860208332,-0.0022089665668921636,-0.009282390593068514,-0.007450043271685826,-0.02223995233638204,-0.024131877710479612,-0.10501744558228965,-0.00027033185245356104,0.0004384480695753654,0.0017253050141625777,0.0014748346873485094,0.0033978957585911215,0.004699422572385181,0.022256041884198118,-0.00030380479061724617,0.00016227854000416844,0.004292423370167167,9.005099208848685e-05,0.03137338310750083,0.00609025082427293,-0.028662266860625354,-0.00016335562908985807,0.0002803849905788791,0.0008811766930759,-0.000245439732506832,0.004513086311576573,0.007758185127129454,0.020873325874876055,
0.0631303818988202,0.006744167655078509,-0.09246675591966307,0.0025423450430888403,-0.02278266995867111,-0.016635430786158045,0.08165017569097797,0.006742589144697083,0.02376087211759883,-0.018894392431133653,0.0008331576923317818,-0.01354806709921583,0.06112816041822245,0.0013269464402797786,-0.0924563411561677,-0.018921437040158206,0.2588126725136956,-0.01058843197349954,0.31177596974932975,0.0006682909423076028,-0.2580424812448645,0.002530221205351019,0.000847879616249616,-0.010477392781885924,0.046938054528438744,-0.02102185640287107,-0.06705884482934497,0.03004102367442837,-0.022647238553538715,-0.013793877239012152,0.31108133400262844,-0.021767006461121886,0.9330044597508452,-0.04258396274111048,-0.5586995699549576,-0.016607921426304604,0.06104736911194387,0.00073105460131423,-0.06747182001347841,-0.04008262124041833,0.5072814301484462,-0.519142710147391,0.08147413533049051,0.0015307772686767723,-0.256393993260569,0.02959683782261314,-0.5471522426790464,-0.5118290522923178,4.242080634680216,0.0021879566137313687,0.0021486803819647524,-0.055399986539962115,-0.008106599284802342,-0.4307859373549253,0.045406589120198855,0.8417437821801333,-0.0048742988937406605,0.007574754414437715,0.03369881227929709,0.038619004208870926,0.04287177237636844,0.035979857846884414,0.3247375358711295,0.002141358156838687,-0.0032323495667156343,-0.0157400939778607,-0.01726942957108897,-0.030585199396538695,-0.011684216255438532,-0.100741349952689,-0.0004118332089610245,0.0006413433883754403,0.002860615743182521,0.0032451326570896765,0.0038333900652624984,0.0028156389979077214,0.02546725433527272,-0.00030911006789440963,-8.513627857919026e-06,0.0056435876941815614,0.0005258616316249688,0.042495090587482805,0.001308654639997857,-0.06246672910645811,-0.0003159684965040023,0.0005758931711762277,0.00143682754261151,-0.0007883072521972584,0.0073349757247915546,0.017069908473986456,0.048978998526339294,